"","ID","StateProv","StationName"
"1","USW00000102 ","AK"," BOB BARKER MEMORIAL AP        "
"2","USW00000103 ","AK"," WALES AP                      "
"3","USW00000111 ","AK"," SHAKTOOLIK AP                 "
"4","USW00000113 ","AK"," ROBERT CURTIS MEMORIAL AP     "
"5","USW00000130 ","TX"," PLEASANTON MUNI AP            "
"6","USW00000132 ","WI"," WAUTOMA MUNI AP               "
"7","USW00000133 ","AR"," CLINTON MUNI AP               "
"8","USW00000153 ","VA"," CHESTERFIELD CO AP            "
"9","USW00000154 ","VA"," HAMPTON ROADS EXECUTIVE AP    "
"10","USW00000157 ","CO"," WALDEN JACKSON COUNTY AP      "
"11","USW00000160 ","CO"," BOULDER MUNI AP               "
"12","USW00000166 ","TX"," LAGO VISTA RUSTY ALLEN AP     "
"13","USW00000176 ","TX"," STEPHENS COUNTY AP            "
"14","USW00000177 ","TX"," CASTROVILLE MUNI AIRPORT      "
"15","USW00000209 ","TX"," BOWIE MUNI AP                 "
"16","USW00000225 ","TX"," HORSESHOE BAY RESORT AP       "
"17","USW00000229 ","TX"," LAMPASAS AP                   "
"18","USW00000230 ","TX"," AUSTIN EXECUTIVE AP           "
"19","USW00000263 ","TX"," BOERNE STAGE FIELD AP         "
"20","USW00000270 ","TX"," FAITH RCH AP                  "
"21","USW00000349 ","TX"," ANDREWS COUNTY AP             "
"22","USW00000351 ","TX"," CAMERON MUNI AP               "
"23","USW00000357 ","TX"," HAMILTON MUNI AP              "
"24","USW00000362 ","TX"," GATESVILLE MUNI AP            "
"25","USW00000369 ","CA"," MCOLF CAMP PENDLETON RED BEACH"
"26","USW00000373 ","AR"," HARRELL FIELD AP              "
"27","USW00000393 ","AK"," TELLER AP                     "
"28","USW00000428 ","AR"," DEXTER B FLORENCE MEM FLD AP  "
"29","USW00000448 ","TX"," RALPH M HALL ROCKWALL MUNI AP "
"30","USW00000461 ","TX"," MEXIA LIMESTONE COUNTY AP     "
"31","USW00000471 ","TX"," PRESIDIO LELY INTL AP         "
"32","USW00000477 ","TX"," ROGER M DREYER MEM AP         "
"33","USW00000490 ","AK"," SHUNGNAK AP                   "
"34","USW00003012 ","NM"," TAOS MUNI AP                  "
"35","USW00003013 ","CO"," LAMAR MUNI AP                 "
"36","USW00003016 ","CO"," RIFLE GARFIELD CO AP          "
"37","USW00003017 ","CO"," DENVER INTL AP                "
"38","USW00003024 ","TX"," BORGER HUTCHINSON CO AP       "
"39","USW00003026 ","CO"," BURLINGTON CARSON AP          "
"40","USW00003027 ","NM"," CLINES CORNERS                "
"41","USW00003028 ","CO"," SPRINGFIELD COMANCHE NATL GRAS"
"42","USW00003029 ","AZ"," WINDOW ROCK AP                "
"43","USW00003030 ","OK"," GUYMON MUNI AP                "
"44","USW00003031 ","TX"," ODESSA SCHLEMEYER FLD         "
"45","USW00003032 ","TX"," DRYDEN TERRELL CO AP          "
"46","USW00003035 ","NM"," ARTESIA MUNI AP               "
"47","USW00003038 ","CO"," RED CLIFF PASS                "
"48","USW00003040 ","CO"," MONUMENT PASS                 "
"49","USW00003044 ","TX"," BIG SPRING WRINKLE AP         "
"50","USW00003047 ","TX"," MONAHANS 6 ENE                "
"51","USW00003048 ","NM"," SOCORRO 20 N                  "
"52","USW00003049 ","TX"," ALPINE CASPARIS AP            "
"53","USW00003050 ","TX"," SNYDER WINSTON FLD AP         "
"54","USW00003054 ","TX"," MULESHOE 19 S                 "
"55","USW00003055 ","OK"," GOODWELL 2 E                  "
"56","USW00003056 ","TX"," GAINES CO AP                  "
"57","USW00003058 ","TX"," PECOS MUNI AP                 "
"58","USW00003060 ","CO"," MONTROSE 11 ENE               "
"59","USW00003061 ","CO"," CORTEZ 8 SE                   "
"60","USW00003062 ","NM"," LOS ALAMOS 13 W               "
"61","USW00003063 ","CO"," LA JUNTA 17 WSW               "
"62","USW00003067 ","KS"," OAKLEY 19 SSW                 "
"63","USW00003068 ","CO"," BULLSEYE AUX AIRFIELD         "
"64","USW00003071 ","TX"," MIDLAND AIRPARK               "
"65","USW00003072 ","TX"," BRONTE 11 NNE                 "
"66","USW00003074 ","NM"," LAS CRUCES 20 N               "
"67","USW00003075 ","NM"," DULCE 1 NW                    "
"68","USW00003076 ","CO"," GRAND JUNCTION 9 W            "
"69","USW00003077 ","AZ"," HOLBROOK 17 ESE               "
"70","USW00003078 ","CO"," EADS 16 ENE                   "
"71","USW00003079 ","CO"," SAGUACHE 2 WNW                "
"72","USW00003080 ","NM"," RESERVE 1 W                   "
"73","USW00003081 ","UT"," TROPIC 9 SE                   "
"74","USW00003082 ","NM"," CARRIZOZO 1 W                 "
"75","USW00003083 ","CO"," STRATTON 24 N                 "
"76","USW00003084 ","CO"," CENTER A 4 SSW                "
"77","USW00003085 ","AZ"," BOWIE 23 SSE                  "
"78","USW00003086 ","CO"," SPRINGFIELD 6 WSW             "
"79","USW00003087 ","NM"," SANTA FE 20 WNW               "
"80","USW00003088 ","CO"," WOODLAND PARK 14 WSW          "
"81","USW00003089 ","CO"," ROCKY FORD 1 ESE              "
"82","USW00003090 ","NM"," TAOS 27 NW                    "
"83","USW00003091 ","CO"," KIM 9 WSW                     "
"84","USW00003092 ","NM"," RATON 26 ESE                  "
"85","USW00003093 ","CO"," GENOA 35 N                    "
"86","USW00003094 ","NM"," CLAYTON 3 ENE                 "
"87","USW00003095 ","NM"," MILLS 6 WSW                   "
"88","USW00003096 ","CO"," RIFLE 23 NW                   "
"89","USW00003097 ","NM"," MOUNTAINAIR 2 WSW             "
"90","USW00003098 ","CO"," EAGLE 13 SSE                  "
"91","USW00003099 ","CO"," CRAIG 30 N                    "
"92","USW00003102 ","CA"," ONTARIO INTL AP               "
"93","USW00003103 ","AZ"," FLAGSTAFF AP                  "
"94","USW00003104 ","CA"," DESERT RESORTS RGNL AP        "
"95","USW00003109 ","NV"," CAMP MERCURY                  "
"96","USW00003122 ","CA"," TORRANCE AP                   "
"97","USW00003124 ","AZ"," FORT HUACHUCA                 "
"98","USW00003125 ","AZ"," YUMA PROVING GROUND           "
"99","USW00003129 ","CA"," MOJAVE MCAS                   "
"100","USW00003131 ","CA"," SAN DIEGO MONTGOMERY FLD      "
"101","USW00003144 ","CA"," IMPERIAL CO AP                "
"102","USW00003145 ","AZ"," YUMA MCAS                     "
"103","USW00003154 ","CA"," CAMP PENDLETON MCAS           "
"104","USW00003159 ","CA"," LANCASTER                     "
"105","USW00003160 ","NV"," DESERT ROCK AP                "
"106","USW00003162 ","AZ"," PAGE MUNI AP                  "
"107","USW00003163 ","NV"," CALIENTE                      "
"108","USW00003164 ","CA"," CAMPO ASOS                    "
"109","USW00003166 ","CA"," FULLERTON MUNI AP             "
"110","USW00003167 ","CA"," HAWTHORNE MUNI AP             "
"111","USW00003170 ","NV"," EUREKA AP                     "
"112","USW00003171 ","CA"," RIVERSIDE MUNI AP             "
"113","USW00003177 ","CA"," CARLSBAD MCCLELLAN PALOMAR AP "
"114","USW00003178 ","CA"," SAN DIEGO BROWN FLD           "
"115","USW00003179 ","CA"," CHINO AP                      "
"116","USW00003184 ","AZ"," PHOENIX DEER VALLEY MUNI AP   "
"117","USW00003185 ","AZ"," MESA FALCON FLD               "
"118","USW00003192 ","AZ"," SCOTTSDALE MUNI AP            "
"119","USW00003195 ","AZ"," GRAND CANYON NP AP            "
"120","USW00003196 ","AZ"," NOGALES INTL AP               "
"121","USW00003728 ","SC"," MCCLELLANVILLE 7 NE           "
"122","USW00003733 ","WV"," ELKINS 21 ENE                 "
"123","USW00003739 ","VA"," CAPE CHARLES 5 ENE            "
"124","USW00003749 ","MD"," CAMP DAVID                    "
"125","USW00003757 ","MD"," ST INIGOES WEBSTER NOLF       "
"126","USW00003758 ","NC"," DURHAM 11 W                   "
"127","USW00003759 ","VA"," CHARLOTTESVILLE 2 SSE         "
"128","USW00003761 ","PA"," AVONDALE 2 N                  "
"129","USW00003802 ","WV"," CLARKSBURG BENEDUM AP         "
"130","USW00003804 ","WV"," PARKERSBURG AP                "
"131","USW00003809 ","TN"," DYERSBURG MUNI AP             "
"132","USW00003810 ","NC"," HICKORY FAA AP                "
"133","USW00003811 ","TN"," JACKSON MCKELLAR- SIPES AP    "
"134","USW00003812 ","NC"," ASHEVILLE AP                  "
"135","USW00003813 ","GA"," MACON MIDDLE GA RGNL AP       "
"136","USW00003814 ","KY"," CORBIN CAA AP                 "
"137","USW00003815 ","FL"," PENSACOLA NAS                 "
"138","USW00003816 ","KY"," PADUCAH                       "
"139","USW00003817 ","MO"," MALDEN FAA AP                 "
"140","USW00003818 ","FL"," MARIANNA MUNI AP              "
"141","USW00003820 ","GA"," AUGUSTA BUSH FLD AP           "
"142","USW00003822 ","GA"," SAVANNAH INTL AP              "
"143","USW00003838 ","IL"," VANDALIA FAA AP               "
"144","USW00003839 ","TN"," NASHVILLE BERRY FLD AF        "
"145","USW00003841 ","TN"," OAK RIDGE ATDD                "
"146","USW00003843 ","FL"," PIERCE FLD AAFB               "
"147","USW00003844 ","FL"," DUKE FLD AAFB                 "
"148","USW00003847 ","TN"," CROSSVILLE MEM AP             "
"149","USW00003849 ","KY"," LONDON CORBIN AP              "
"150","USW00003850 ","AL"," CAIRNS FLD FT RUCKER          "
"151","USW00003852 ","FL"," VALPARAISO HURLBURT FLD       "
"152","USW00003853 ","FL"," MAYPORT PILOT STN             "
"153","USW00003855 ","FL"," PENSACOLA FOREST SHERMAN NAS  "
"154","USW00003856 ","AL"," HUNTSVILLE INTNL AP           "
"155","USW00003858 ","SC"," EASTOVER MCENTIRE ANG         "
"156","USW00003859 ","WV"," BLUEFIELD MERCER CO AP        "
"157","USW00003860 ","WV"," HUNTINGTON TRI-STATE AP       "
"158","USW00003866 ","MS"," MERIDIAN NAAS                 "
"159","USW00003867 ","OH"," SPRINGFIELD AF                "
"160","USW00003868 ","IN"," TERRE HAUTE HULMAN RGNL AP    "
"161","USW00003870 ","SC"," GREER                         "
"162","USW00003871 ","OH"," CINCINNATI WSO CITY           "
"163","USW00003872 ","WV"," BECKLEY RALEIGH CO AP         "
"164","USW00003874 ","GA"," FT BENNING MCKENNA            "
"165","USW00003875 ","GA"," FT STEWART WRIGHT             "
"166","USW00003876 ","FL"," VALPARAISO                    "
"167","USW00003878 ","AL"," TROY MUNI AP                  "
"168","USW00003881 ","AL"," CENTREVILLE 6 SW              "
"169","USW00003882 ","FL"," PANAMA CITY BAY CO AP         "
"170","USW00003883 ","AL"," BIRMINGHAM WSFO               "
"171","USW00003887 ","IL"," DECATUR AP                    "
"172","USW00003888 ","GA"," ATLANTA FULTON CO AP          "
"173","USW00003889 ","KY"," JACKSON                       "
"174","USW00003892 ","AL"," AUBURN OPELIKA AP             "
"175","USW00003893 ","IN"," BLOOMINGTON MONROE CO AP      "
"176","USW00003894 ","TN"," CLARKSVILLE OUTLAW AP         "
"177","USW00003896 ","AL"," GADSDEN MUNI AP               "
"178","USW00003901 ","TX"," LONGVIEW E TX RGNL AP         "
"179","USW00003902 ","TX"," ROBERT GRAY AAF               "
"180","USW00003904 ","TX"," COLLEGE STN EASTERWOOD FLD    "
"181","USW00003918 ","AR"," FLIPPIN MARION CO RGNL AP     "
"182","USW00003919 ","KS"," SALINA MUNI AP                "
"183","USW00003923 ","KS"," WICHITA MCCONNELL AFB         "
"184","USW00003927 ","TX"," DAL-FTW WSCMO AP              "
"185","USW00003928 ","KS"," WICHITA                       "
"186","USW00003929 ","MO"," KANSAS CITY R GEBAUR AP       "
"187","USW00003930 ","AR"," LITTLE ROCK AFB               "
"188","USW00003931 ","LA"," FT POLK AAF                   "
"189","USW00003932 ","OK"," CLINTON-SHERMAN AP            "
"190","USW00003933 ","TX"," FT HOOD                       "
"191","USW00003934 ","LA"," NEW IBERIA NAAS               "
"192","USW00003935 ","MO"," CAPE GIRARDEAU MUNI AP        "
"193","USW00003936 ","KS"," MANHATTAN ASOS                "
"194","USW00003937 ","LA"," LAKE CHARLES                  "
"195","USW00003938 ","MO"," WAYNESVILLE REGNL AP          "
"196","USW00003940 ","MS"," JACKSON INTL AP               "
"197","USW00003943 ","TX"," MINERAL WELLS WOLTERS AF      "
"198","USW00003944 ","TX"," PALO PINTO DEMPSEY AF         "
"199","USW00003945 ","MO"," COLUMBIA RGNL AP              "
"200","USW00003947 ","MO"," KANSAS CITY INTL AP           "
"201","USW00003949 ","LA"," PEASON RIDGE RANGE            "
"202","USW00003950 ","OK"," LAWTON MUNI AP                "
"203","USW00003951 ","TX"," LONGVIEW WSMO                 "
"204","USW00003952 ","AR"," LITTLE ROCK                   "
"205","USW00003953 ","AR"," JONESBORO MUNI AP             "
"206","USW00003954 ","OK"," OKLAHOMA CITY WILEY POST AP   "
"207","USW00003957 ","KS"," MEDICINE LODGE 1E             "
"208","USW00003959 ","OK"," BARTLESVILLE MUNI AP          "
"209","USW00003960 ","IL"," CAHOKIA ST LOUIS DWTN AP      "
"210","USW00003961 ","MS"," NATCHEZ ADAM CO AP            "
"211","USW00003962 ","AR"," HOT SPRINGS ASOS              "
"212","USW00003963 ","MO"," JEFFERSON CITY MEM AP         "
"213","USW00003965 ","OK"," STILLWATER RGNL AP            "
"214","USW00003966 ","MO"," ST LOUIS SPIRIT OF ST LOUIS AP"
"215","USW00003967 ","KS"," OLATHE JOHNSON CO EXECUTIVE AP"
"216","USW00003969 ","TX"," STEPHENVILLE CLARK FLD        "
"217","USW00003971 ","TX"," DALLAS REDBIRD AP             "
"218","USW00003974 ","KS"," WICHITA COLONEL JAMES JABARA A"
"219","USW00003975 ","MO"," POPLAR BLUFF MUNI AP          "
"220","USW00003978 ","AR"," BENTONVILLE MUNI AP           "
"221","USW00003981 ","OK"," ALTUS AFB                     "
"222","USW00003985 ","TX"," FORT WORTH SPINKS AP          "
"223","USW00003991 ","TX"," DENTON MUNICPAL AP            "
"224","USW00003994 ","MO"," SEDALIA MEM AP                "
"225","USW00003996 ","LA"," TALLULAH VICKSBURG RGNL AP    "
"226","USW00003997 ","KS"," LAWRENCE ASOS                 "
"227","USW00003998 ","KS"," PARSONS TRI CITY AP           "
"228","USW00003999 ","TX"," BURNET MUNI AP                "
"229","USW00004109 ","ID"," LOWELL THREE RIVERS RESORT    "
"230","USW00004110 ","ID"," JEROME CO AP                  "
"231","USW00004111 ","WY"," EVANSTON UINTA CO BURNS FLD   "
"232","USW00004112 ","ID"," STANLEY RS                    "
"233","USW00004113 ","OR"," HERMISTON MUNI AP             "
"234","USW00004114 ","ID"," CHALLIS AP                    "
"235","USW00004125 ","OR"," JOHN DAY 35 WNW               "
"236","USW00004126 ","ID"," ARCO 17 SW                    "
"237","USW00004127 ","ID"," MURPHY 10 W                   "
"238","USW00004128 ","OR"," RILEY 10 WSW                  "
"239","USW00004130 ","MT"," ST. MARY 1 SSW                "
"240","USW00004131 ","WY"," MOOSE 1 NNE                   "
"241","USW00004134 ","UT"," GRANITE PEAK DUGWAY PROVING GR"
"242","USW00004136 ","WA"," SPOKANE 17 SSW                "
"243","USW00004137 ","MT"," DILLON 18 WSW                 "
"244","USW00004138 ","UT"," BRIGHAM CITY 28 WNW           "
"245","USW00004139 ","NV"," DENIO 52 WSW                  "
"246","USW00004140 ","MT"," LEWISTOWN 42 WSW              "
"247","USW00004141 ","OR"," COOS BAY 8 SW                 "
"248","USW00004143 ","UT"," PROVO 22 E                    "
"249","USW00004201 ","OR"," SCAPPOOSE IND AP              "
"250","USW00004205 ","WA"," ARLINGTON MUNI AP             "
"251","USW00004222 ","CA"," REDDING 12 WNW                "
"252","USW00004223 ","WA"," DARRINGTON 21 NNE             "
"253","USW00004236 ","OR"," CORVALLIS 10 SSW              "
"254","USW00004237 ","WA"," QUINAULT 4 NE                 "
"255","USW00004720 ","NY"," JAMESTOWN                     "
"256","USW00004724 ","NY"," NIAGARA FALLS INTL AP         "
"257","USW00004725 ","NY"," BINGHAMTON                    "
"258","USW00004726 ","PA"," JOHNSTOWN CAMBRIA CO AP       "
"259","USW00004727 ","NY"," GENEVA SAMPSON AFB            "
"260","USW00004739 ","NJ"," BELMAR ASC                    "
"261","USW00004742 ","NY"," PLATTSBURGH INTL AP           "
"262","USW00004743 ","NH"," PORTSMOUTH PEASE AFB          "
"263","USW00004751 ","PA"," BRADFORD RGNL AP              "
"264","USW00004769 ","MA"," MAYNARD                       "
"265","USW00004779 ","MA"," FT DEVENS AAF                 "
"266","USW00004780 ","MA"," FITCHBURG MUNI AP             "
"267","USW00004781 ","NY"," ISLIP-LI MACARTHUR AP         "
"268","USW00004782 ","NY"," SCHENECTADY                   "
"269","USW00004783 ","NJ"," BELMAR MONMOUTH AAF           "
"270","USW00004787 ","PA"," DUBOIS RGNL AP                "
"271","USW00004789 ","NY"," MONTGOMERY ORANGE CO AP       "
"272","USW00004803 ","WI"," RHINELANDER ONEIDA CO AP      "
"273","USW00004804 ","OH"," COLUMBUS OHIO STATE UNIV AP   "
"274","USW00004808 ","IL"," CHICAGO AURORA MUNI AP        "
"275","USW00004824 ","WI"," STURGEON BAY AP               "
"276","USW00004825 ","WI"," APPLETON OUTAGAMIE AP         "
"277","USW00004826 ","WI"," WISCONSIN RAPIDS ALEXANDER FLD"
"278","USW00004827 ","PA"," WASHINGTON CO AP              "
"279","USW00004836 ","ME"," FRENCHVILLE NTHRN AROOSTOOK AP"
"280","USW00004838 ","IL"," CHICAGO PALWAUKEE AP          "
"281","USW00004839 ","MI"," HOLLAND TULIP CITY AP         "
"282","USW00004840 ","WI"," FOND DU LAC CO AP             "
"283","USW00004841 ","WI"," SHEBOYGAN CO MEM AP           "
"284","USW00004842 ","OH"," WOOSTER WAYNE CO AP           "
"285","USW00004843 ","PA"," MEADVILLE PORT MEADVILLE AP   "
"286","USW00004845 ","WI"," KENOSHA RGNL AP               "
"287","USW00004846 ","IN"," VALPARAISO PORTER CO MUNI AP  "
"288","USW00004847 ","MI"," ADRIAN LENAWEE CO AP          "
"289","USW00004848 ","OH"," TOLEDO METCALF FLD            "
"290","USW00004849 ","OH"," ELYRIA LORAIN CO AP           "
"291","USW00004850 ","OH"," LIMA ALLEN CO AP              "
"292","USW00004851 ","OH"," DEFIANCE AP                   "
"293","USW00004852 ","OH"," NEW PHILA CLEVER FLD          "
"294","USW00004853 ","OH"," CLEVELAND BURKE LAKEFRONT AP  "
"295","USW00004854 ","MI"," GAYLORD OTSEGO CO AP          "
"296","USW00004855 ","OH"," MARION MUNI AP                "
"297","USW00004856 ","MI"," MANISTIQUE                    "
"298","USW00004857 ","OH"," ASHTABULA CO AP               "
"299","USW00004858 ","OH"," NEWARK HEATH AP               "
"300","USW00004864 ","WI"," ANTIGO LANGLADE CO AP         "
"301","USW00004869 ","MI"," CHIPPEWA INTL AP              "
"302","USW00004891 ","WI"," MERRILL MUNI AP               "
"303","USW00004895 ","WI"," STEVENS POINT MUNI AP         "
"304","USW00004901 ","NE"," AURORA MUNI AP                "
"305","USW00004902 ","MN"," AUSTIN MUNI AP                "
"306","USW00004916 ","IA"," DECORAH MUNI AP               "
"307","USW00004927 ","MN"," PRESTONE FILLMORE AP          "
"308","USW00004935 ","NE"," HOLDREGE BREWSTER FLD AP      "
"309","USW00004955 ","IA"," OELWEIN MUNI AP               "
"310","USW00004956 ","MN"," WINONA MUNI AP                "
"311","USW00004963 ","WI"," PRAIRIE DU CHIEN AP           "
"312","USW00004967 ","MN"," RED WING RGNL AP              "
"313","USW00004978 ","MN"," DODGE CTR AP                  "
"314","USW00004990 ","SD"," SIOUX FALLS 14 NNE            "
"315","USW00004994 ","MN"," GOODRIDGE 12 NNW              "
"316","USW00004998 ","NE"," HEBRON MUNI AP                "
"317","USW00012804 ","FL"," AVON PARK GUNNERY RANGE       "
"318","USW00012809 ","FL"," BARTOW MUNI AP                "
"319","USW00012810 ","FL"," MACDILL AFB                   "
"320","USW00012812 ","FL"," PUNTA GORDA CHARLOTTE CO AP   "
"321","USW00012815 ","FL"," ORLANDO INTL AP               "
"322","USW00012816 ","FL"," GAINESVILLE RGNL AP           "
"323","USW00012818 ","FL"," BROOKSVILLE HERNANDO CO AP    "
"324","USW00012819 ","FL"," LEESBURG MUNI AP              "
"325","USW00012824 ","FL"," ORLANDO AAF                   "
"326","USW00012826 ","FL"," HOMESTEAD AFB                 "
"327","USW00012832 ","FL"," APALACHICOLA AP               "
"328","USW00012833 ","FL"," CROSS CITY AP                 "
"329","USW00012834 ","FL"," DAYTONA BEACH INTL AP         "
"330","USW00012835 ","FL"," FT MYERS PAGE FLD AP          "
"331","USW00012836 ","FL"," KEY W INTL AP                 "
"332","USW00012837 ","FL"," LAKELAND                      "
"333","USW00012838 ","FL"," MELBOURNE INTL AP             "
"334","USW00012839 ","FL"," MIAMI INTL AP                 "
"335","USW00012841 ","FL"," ORLANDO EXECUTIVE AP          "
"336","USW00012842 ","FL"," TAMPA INTL AP                 "
"337","USW00012843 ","FL"," VERO BEACH INTL AP            "
"338","USW00012844 ","FL"," W PALM BEACH INTL AP          "
"339","USW00012847 ","FL"," DELAND NAS                    "
"340","USW00012849 ","FL"," FT LAUDERDALE INTL AP         "
"341","USW00012850 ","FL"," KEY WEST NAS                  "
"342","USW00012851 ","FL"," MELBOURNE NAS                 "
"343","USW00012852 ","FL"," MIAMI MCAS                    "
"344","USW00012853 ","FL"," RICHMOND NAS                  "
"345","USW00012854 ","FL"," ORLANDO SANFORD AP            "
"346","USW00012855 ","FL"," VERO BEACH NAS                "
"347","USW00012858 ","FL"," KEY WEST                      "
"348","USW00012859 ","FL"," MIAMI WSO CITY                "
"349","USW00012861 ","FL"," OCALA JIM TAYLOR FLD          "
"350","USW00012863 ","LA"," BURRWOOD WB                   "
"351","USW00012867 ","FL"," COCOA BEACH PATRICK AFB       "
"352","USW00012868 ","FL"," CAPE KENNEDY AFS              "
"353","USW00012871 ","FL"," SARASOTA BRADENTON AP         "
"354","USW00012873 ","FL"," ST PETERSBURG CLEARWATER INTL "
"355","USW00012876 ","FL"," WINTER HAVEN GILBERT AP       "
"356","USW00012882 ","FL"," MIAMI OPA LOCKA AP            "
"357","USW00012883 ","FL"," LAKELAND LINDER RGNL AP       "
"358","USW00012884 ","LA"," BOOTHVILLE ASOS               "
"359","USW00012885 ","FL"," FT LAUDERDALE EXECUTIVE AP    "
"360","USW00012888 ","FL"," MIAMI KENDALL TAMIAMI EXEC AP "
"361","USW00012889 ","FL"," PINECASTLE NF                 "
"362","USW00012894 ","FL"," FT MYERS SW FLORIDA RGNL AP   "
"363","USW00012895 ","FL"," FT PIERCE ST LUCIE CO INTL AP "
"364","USW00012896 ","FL"," MARATHON AP                   "
"365","USW00012897 ","FL"," NAPLES MUNI AP                "
"366","USW00012903 ","TX"," HONDO AFB                     "
"367","USW00012904 ","TX"," HARLINGEN RIO GRANDE VLY INTL "
"368","USW00012906 ","TX"," HOUSTON ELLINGTON AFB         "
"369","USW00012907 ","TX"," LAREDO INTL AP                "
"370","USW00012909 ","TX"," SAN ANTONIO KELLY AFB         "
"371","USW00012910 ","TX"," SAN MARCOS GARY AFB           "
"372","USW00012911 ","TX"," RANDOLPH AFB                  "
"373","USW00012912 ","TX"," VICTORIA RGNL AP              "
"374","USW00012916 ","LA"," NEW ORLEANS AP                "
"375","USW00012917 ","TX"," PORT ARTHUR SE TX RGNL AP     "
"376","USW00012918 ","TX"," HOUSTON WILLIAM P HOBBY AP    "
"377","USW00012919 ","TX"," BROWNSVILLE                   "
"378","USW00012920 ","TX"," LAREDO WB AP                  "
"379","USW00012921 ","TX"," SAN ANTONIO INTL AP           "
"380","USW00012922 ","TX"," VICTORIA WB AP                "
"381","USW00012923 ","TX"," GALVESTON SCHOLES FLD         "
"382","USW00012924 ","TX"," CORPUS CHRISTI                "
"383","USW00012925 ","TX"," BEEVILLE CHASE NAAS           "
"384","USW00012926 ","TX"," CORPUS CHRISTI NAS            "
"385","USW00012927 ","LA"," HOUMA TERREBONNE AP           "
"386","USW00012928 ","TX"," KINGSVILLE NAAS               "
"387","USW00012930 ","LA"," NEW ORLEANS AUDUBON           "
"388","USW00012931 ","TX"," SAN ANTONIO BROOKS AFB        "
"389","USW00012932 ","TX"," ALICE INTL AP                 "
"390","USW00012935 ","TX"," PALACIOS MUNI AP              "
"391","USW00012944 ","TX"," GALVESTON                     "
"392","USW00012945 ","TX"," HOUSTON WB CITY               "
"393","USW00012946 ","TX"," CORPUS CHRISTI CABANISS FLD   "
"394","USW00012947 ","TX"," COTULLA LA SALLE CO AP        "
"395","USW00012953 ","TX"," WHARTON RGNL AP               "
"396","USW00012957 ","TX"," PORT ISABEL CAMERON CO AP     "
"397","USW00012958 ","LA"," NEW ORLEANS ALVIN CALLENDER FL"
"398","USW00012959 ","TX"," MCALLEN MILLER INTL AP        "
"399","USW00012960 ","TX"," HOUSTON INTERCONTINENTAL AP   "
"400","USW00012961 ","TX"," KERRVILLE MUNI AP             "
"401","USW00012962 ","TX"," HONDO MUNI AP                 "
"402","USW00012968 ","LA"," SALT PT                       "
"403","USW00012970 ","TX"," SAN ANTONIO STINSON MUNI AP   "
"404","USW00012971 ","TX"," AUSTIN SAN ANTONIO            "
"405","USW00012972 ","TX"," ROCKPORT ARANSAS CO AP        "
"406","USW00012974 ","TX"," ORANGE GROVE                  "
"407","USW00012975 ","TX"," HOUSTON CLOVER FLD            "
"408","USW00012976 ","TX"," ANGLETON LK JACKSON BRAZORIA C"
"409","USW00012977 ","TX"," HOUSTON SUGARLAND MEM         "
"410","USW00012978 ","TX"," FAYETTE RGNL AP               "
"411","USW00012979 ","TX"," SAN MARCOS MUNI AP            "
"412","USW00012981 ","TX"," BAY CITY MUNI AP              "
"413","USW00012985 ","TX"," GARNER FLD AP                 "
"414","USW00012987 ","TX"," EDINBURG 17 NNE               "
"415","USW00013301 ","MO"," CHILLICOTHE 22 ENE            "
"416","USW00013701 ","MD"," ABERDEEN PHILLIPS FLD         "
"417","USW00013702 ","VA"," LANGLEY AFB                   "
"418","USW00013705 ","MD"," CAMP SPRINGS ANDREWS AFB      "
"419","USW00013707 ","DE"," DOVER AFB                     "
"420","USW00013710 ","MD"," WASHINGTON DC BOLLING FLD AFB "
"421","USW00013713 ","NC"," GOLDSBORO 4 SE                "
"422","USW00013714 ","NC"," POPE AFB                      "
"423","USW00013717 ","SC"," MYRTLE BEACH AFB              "
"424","USW00013721 ","MD"," PATUXENT RIVER NAS            "
"425","USW00013722 ","NC"," RALEIGH AP                    "
"426","USW00013723 ","NC"," GREENSBORO AP                 "
"427","USW00013724 ","NJ"," ATLANTIC CITY MARINA          "
"428","USW00013726 ","VA"," BLACKSTONE FAA AP             "
"429","USW00013728 ","VA"," DANVILLE RGNL AP              "
"430","USW00013729 ","WV"," ELKINS- RANDOLPH CO AP        "
"431","USW00013730 ","MD"," FREDERICK WFMD                "
"432","USW00013731 ","VA"," FRONT ROYAL 6 NNW             "
"433","USW00013732 ","VA"," GORDONSVILLE FAA AP           "
"434","USW00013733 ","VA"," LYNCHBURG RGNL AP             "
"435","USW00013734 ","WV"," MARTINSBURG E W VIRGINIA RGNL "
"436","USW00013735 ","NJ"," MILLVILLE MUNI AP             "
"437","USW00013736 ","WV"," MORGANTOWN MUNI AP            "
"438","USW00013737 ","VA"," NORFOLK INTL AP               "
"439","USW00013738 ","WV"," PETERSBURG WB CITY            "
"440","USW00013739 ","PA"," PHILA INTL AP                 "
"441","USW00013740 ","VA"," RICHMOND INTL AP              "
"442","USW00013741 ","VA"," ROANOKE-BLACKSBURG RGNL AP    "
"443","USW00013742 ","VA"," URBANNA WB CITY               "
"444","USW00013743 ","VA"," WASHINGTON REAGAN NATL AP     "
"445","USW00013744 ","SC"," FLORENCE RGNL AP              "
"446","USW00013745 ","NC"," HATTERAS                      "
"447","USW00013746 ","NC"," ROCKY MT FAA AP               "
"448","USW00013747 ","NC"," WARRENTON WB AP               "
"449","USW00013748 ","NC"," WILMINGTON INTL AP            "
"450","USW00013749 ","MD"," FREDERICK AF                  "
"451","USW00013750 ","VA"," NORFOLK NAS                   "
"452","USW00013751 ","MD"," ANACOSTIA NAS                 "
"453","USW00013752 ","MD"," ANNAPOLIS US NAVAL ACADEMY ASO"
"454","USW00013753 ","NJ"," ATLANTIC CITY NAS             "
"455","USW00013754 ","NC"," CHERRY POINT MCAS             "
"456","USW00013755 ","VA"," CHINCOTEAGUE NAS              "
"457","USW00013756 ","NJ"," CAPE MAY NAS                  "
"458","USW00013758 ","SC"," CHARLESTON NAS                "
"459","USW00013760 ","VA"," DAHLGREN WEAPONS LAB          "
"460","USW00013761 ","NC"," EDENTON NAAS                  "
"461","USW00013762 ","VA"," FENTRESS NAVAL AUX FLD        "
"462","USW00013764 ","DE"," GEORGETOWN-DELAWARE COASTAL AP"
"463","USW00013765 ","NC"," HARVEY POINT NAAS             "
"464","USW00013766 ","NC"," MANTEO AP                     "
"465","USW00013769 ","VA"," OCEANA NAS                    "
"466","USW00013771 ","PA"," PHILADELPHIA NAAS             "
"467","USW00013773 ","VA"," QUANTICO MCAS                 "
"468","USW00013774 ","NC"," WEEKSVILLE NAF                "
"469","USW00013775 ","NJ"," WILDWOOD NAS                  "
"470","USW00013776 ","NC"," LUMBERTON RGNL AP             "
"471","USW00013777 ","MD"," BALTIMORE CUSTOMS HOUSE       "
"472","USW00013779 ","PA"," PHILADELPHIA CITY             "
"473","USW00013780 ","VA"," RICHMOND CHIMBORAZO PK        "
"474","USW00013781 ","DE"," WILMINGTON NEW CASTLE CO AP   "
"475","USW00013782 ","SC"," DWTN CHARLESTON               "
"476","USW00013786 ","NC"," ELIZABETH CITY CGAS           "
"477","USW00013802 ","IL"," BELLEVILLE SIU RSCH           "
"478","USW00013803 ","IN"," COLUMBUS BAKALAR AP           "
"479","USW00013806 ","KY"," FT CAMPBELL AAF               "
"480","USW00013807 ","KY"," GODMAN AFBU FT KNOX           "
"481","USW00013809 ","IL"," LAWRENCEVILLE VINCENNES INTL A"
"482","USW00013810 ","KY"," LOUISVILLE BOWMAN FLD         "
"483","USW00013812 ","OH"," COLUMBUS RICKENBACKER         "
"484","USW00013813 ","OH"," WRIGHT PATTERSON AFB          "
"485","USW00013814 ","AR"," BLYTHEVILLE AFB               "
"486","USW00013815 ","GA"," ALBANY NAS                    "
"487","USW00013820 ","MS"," BILOXI KEESLER AFB            "
"488","USW00013821 ","AL"," MAXWELL FLD                   "
"489","USW00013822 ","SC"," GREENVLLE DONALDSN AFB        "
"490","USW00013824 ","GA"," SAVANNAH HUNTER FLD           "
"491","USW00013825 ","MS"," COLUMBUS AFB                  "
"492","USW00013827 ","TN"," SMYRNA AP                     "
"493","USW00013829 ","GA"," FT BENNING LAWSON FLD         "
"494","USW00013832 ","MS"," GULFPORT LAS                  "
"495","USW00013833 ","MS"," HATTIESBURG CHAIN MUNI AP     "
"496","USW00013835 ","GA"," MOULTRIE SPENCE FLD AFB       "
"497","USW00013837 ","GA"," AUGUSTA DANIEL FLD AP         "
"498","USW00013838 ","AL"," MOBILE DWTN AP                "
"499","USW00013839 ","AL"," DOTHAN RGNL AP                "
"500","USW00013840 ","OH"," WRIGHT PATTERSON AFB          "
"501","USW00013841 ","OH"," CINCINNATI                    "
"502","USW00013846 ","FL"," TYNDALL AFB                   "
"503","USW00013849 ","SC"," SUMTER SHAW AFB               "
"504","USW00013850 ","AL"," CRAIG AFB                     "
"505","USW00013853 ","GA"," SAVANNAH CHATHAM FLD AAF      "
"506","USW00013857 ","GA"," VALDOSTA MOODY AFB            "
"507","USW00013858 ","FL"," VALPARAISO EGLIN AFB          "
"508","USW00013860 ","GA"," WARNER ROBINS AFB             "
"509","USW00013861 ","GA"," WAYCROSS WSMO                 "
"510","USW00013864 ","GA"," MARIETTA DOBBINS AFB          "
"511","USW00013865 ","MS"," MERIDIAN KEY FLD              "
"512","USW00013866 ","WV"," CHARLESTON - YEAGER AP        "
"513","USW00013867 ","WV"," PARKERSBURG                   "
"514","USW00013868 ","VA"," PULASKI FAA AP                "
"515","USW00013869 ","GA"," ALBANY SW GEORGIA RGNL AP     "
"516","USW00013870 ","GA"," ALMA BACON CO AP              "
"517","USW00013871 ","AL"," ANNISTON METRO AP             "
"518","USW00013872 ","NC"," ASHEVILLE                     "
"519","USW00013873 ","GA"," ATHENS BEN EPPS AP            "
"520","USW00013874 ","GA"," ATLANTA HARTSFIELD-JACKSON INT"
"521","USW00013876 ","AL"," BIRMINGHAM AP                 "
"522","USW00013877 ","TN"," BRISTOL AP                    "
"523","USW00013878 ","GA"," BRUNSWICK-MCKINNON AP         "
"524","USW00013880 ","SC"," CHARLESTON INTL AP            "
"525","USW00013881 ","NC"," CHARLOTTE DOUGLAS AP          "
"526","USW00013882 ","TN"," CHATTANOOGA AP                "
"527","USW00013883 ","SC"," COLUMBIA                      "
"528","USW00013884 ","FL"," CRESTVIEW FAA/AP              "
"529","USW00013885 ","AL"," EVERGREEN FAA AP              "
"530","USW00013886 ","SC"," GREENVILLE DWTN AP            "
"531","USW00013889 ","FL"," JACKSONVILLE                  "
"532","USW00013891 ","TN"," KNOXVILLE AP                  "
"533","USW00013892 ","GA"," MACON                         "
"534","USW00013893 ","TN"," MEMPHIS INTL AP               "
"535","USW00013894 ","AL"," MOBILE                        "
"536","USW00013895 ","AL"," MONTGOMERY AP                 "
"537","USW00013896 ","AL"," MUSCLE SHOALS AP              "
"538","USW00013897 ","TN"," NASHVILLE INTL AP             "
"539","USW00013899 ","FL"," PENSACOLA RGNL AP             "
"540","USW00013902 ","OK"," ALTUS AFB                     "
"541","USW00013903 ","OK"," ARDMORE AFB                   "
"542","USW00013904 ","TX"," AUSTIN BERGSTROM INTL AP      "
"543","USW00013905 ","TX"," BRYAN CAA AP                  "
"544","USW00013907 ","TX"," DALLAS HENSLEY FLD AFB        "
"545","USW00013909 ","OK"," ENID VANCE AFB                "
"546","USW00013910 ","TX"," ABILENE DYESS AFB             "
"547","USW00013911 ","TX"," FT WORTH NAS                  "
"548","USW00013919 ","OK"," OKLAHOMA CITY TINKER AFB      "
"549","USW00013920 ","KS"," TOPEKA FORBES FLD             "
"550","USW00013921 ","KS"," FT LEAVENWORTH AFB            "
"551","USW00013922 ","KS"," SALINA FAA AP                 "
"552","USW00013923 ","TX"," PERRIN                        "
"553","USW00013925 ","AR"," STUTTGART MUNI AP             "
"554","USW00013926 ","TX"," GREENVILLE MUNI AP MAJORS FLD "
"555","USW00013927 ","MS"," JACKSON HAWKINS FLD           "
"556","USW00013928 ","TX"," WACO J CONNALLY AFB           "
"557","USW00013930 ","MO"," WHITEMAN AFB                  "
"558","USW00013932 ","KS"," WINFIELD STROTHER FLD AP      "
"559","USW00013934 ","LA"," ENGLAND AFB                   "
"560","USW00013935 ","LA"," ALEXANDRIA ESLER FLD          "
"561","USW00013939 ","MS"," GREENVILLE ASOS               "
"562","USW00013940 ","KS"," GREAT BEND MUNI AP            "
"563","USW00013941 ","LA"," LAKE CHARLES CHENAULT         "
"564","USW00013942 ","LA"," MONROE RGNL AP                "
"565","USW00013944 ","LA"," SHREVEPORT BARKSDALE AFB      "
"566","USW00013945 ","OK"," FT SILL POST FLD AF           "
"567","USW00013947 ","KS"," FT RILEY MARSHALL AAF         "
"568","USW00013955 ","TX"," KILEEN FT HOOD S AAF          "
"569","USW00013956 ","MS"," JACKSON 4 NW                  "
"570","USW00013957 ","LA"," SHREVEPORT                    "
"571","USW00013958 ","TX"," AUSTIN-CAMP MABRY             "
"572","USW00013959 ","TX"," WACO RGNL AP                  "
"573","USW00013960 ","TX"," DALLAS FAA AP                 "
"574","USW00013961 ","TX"," FT WORTH MEACHAM FLD          "
"575","USW00013962 ","TX"," ABILENE RGNL AP               "
"576","USW00013963 ","AR"," LITTLE ROCK AP ADAMS FLD      "
"577","USW00013964 ","AR"," FT SMITH RGNL AP              "
"578","USW00013965 ","OK"," ARDMORE FAA AP                "
"579","USW00013966 ","TX"," WICHITA FALLS MUNI AP         "
"580","USW00013967 ","OK"," OKLAHOMA CY WILL ROGERS WORLD "
"581","USW00013968 ","OK"," TULSA INTL AP                 "
"582","USW00013969 ","OK"," PONCA CITY MUNI AP            "
"583","USW00013970 ","LA"," BATON ROUGE METRO AP          "
"584","USW00013971 ","AR"," HARRISON BOONE CO AP          "
"585","USW00013972 ","TX"," TYLER POUNDS FLD              "
"586","USW00013973 ","TX"," JUNCTION KIMBLE CO AP         "
"587","USW00013975 ","OK"," GAGE AP                       "
"588","USW00013976 ","LA"," LAFAYETTE RGNL AP             "
"589","USW00013977 ","AR"," TEXARKANA WEBB FLD            "
"590","USW00013978 ","MS"," GREENWOOD LEFLORE AP          "
"591","USW00013979 ","MS"," VICKSBURG CAA AP              "
"592","USW00013980 ","KS"," ANTHONY                       "
"593","USW00013981 ","KS"," CHANUTE MARTIN JOHNSON AP     "
"594","USW00013982 ","MO"," CHILLICOTHE RADIO KCHI        "
"595","USW00013983 ","MO"," COLUMBIA WSO AP               "
"596","USW00013984 ","KS"," CONCORDIA ASOS                "
"597","USW00013985 ","KS"," DODGE CITY                    "
"598","USW00013986 ","KS"," HUTCHINSON MUNI AP            "
"599","USW00013987 ","MO"," JOPLIN RGNL AP                "
"600","USW00013988 ","MO"," KANSAS CITY DWTN AP           "
"601","USW00013989 ","KS"," EMPORIA ASOS                  "
"602","USW00013990 ","KS"," LEBO CAA AP                   "
"603","USW00013991 ","MO"," MARSHALL                      "
"604","USW00013992 ","MO"," NEW FLORENCE                  "
"605","USW00013993 ","MO"," ST JOSEPH ROSECRANS MEM AP    "
"606","USW00013994 ","MO"," ST LOUIS LAMBERT INTL AP      "
"607","USW00013995 ","MO"," SPRINGFIELD                   "
"608","USW00013996 ","KS"," TOPEKA ASOS                   "
"609","USW00013997 ","MO"," VICHY ROLLA NATL AP           "
"610","USW00013998 ","KS"," WICHITA                       "
"611","USW00013999 ","OK"," CLINTON NAS                   "
"612","USW00014601 ","ME"," DOW AFB                       "
"613","USW00014604 ","ME"," PRESQUE ISLE AP               "
"614","USW00014605 ","ME"," AUGUSTA STATE AP              "
"615","USW00014606 ","ME"," BANGOR INTL AP                "
"616","USW00014607 ","ME"," CARIBOU WFO                   "
"617","USW00014609 ","ME"," HOULTON AP                    "
"618","USW00014610 ","ME"," MILLINOCKET MUNI AP           "
"619","USW00014611 ","ME"," BRUNSWICK NAS                 "
"620","USW00014615 ","ME"," WATERVILLE LEFLEUR AP         "
"621","USW00014622 ","ME"," OLD TOWN FAA AP               "
"622","USW00014623 ","ME"," LIMESTONE LORING AFB          "
"623","USW00014657 ","MA"," GEORGES SHOALS AFS            "
"624","USW00014658 ","MA"," NANTUCKET SHOALS AFS          "
"625","USW00014702 ","MA"," BEDFORD HANSCOM FLD           "
"626","USW00014703 ","MA"," CHICOPEE FALLS WESTOVER FLD   "
"627","USW00014704 ","MA"," FALMOUTH OTIS AFB             "
"628","USW00014706 ","NJ"," MCGUIRE AFB                   "
"629","USW00014707 ","CT"," GROTON NEW LONDON AP          "
"630","USW00014708 ","NY"," MITCHELL FLD                  "
"631","USW00014710 ","NH"," MANCHESTER AP                 "
"632","USW00014711 ","PA"," MIDDLETOWN HARRISBURG INTL AP "
"633","USW00014712 ","PA"," READING RGNL AP               "
"634","USW00014714 ","NY"," STEWART FLD                   "
"635","USW00014715 ","NY"," WHEELER SACK FLD AAF          "
"636","USW00014717 ","NY"," GRIFFISS AFB                  "
"637","USW00014719 ","NY"," WESTHAMPTON GABRESKI AP       "
"638","USW00014732 ","NY"," LAGUARDIA AP                  "
"639","USW00014733 ","NY"," BUFFALO                       "
"640","USW00014734 ","NJ"," NEWARK LIBERTY INTL AP        "
"641","USW00014735 ","NY"," ALBANY INTL AP                "
"642","USW00014736 ","PA"," ALTOONA BLAIR CO AP           "
"643","USW00014737 ","PA"," ALLENTOWN LEHIGH VLY INTL AP  "
"644","USW00014738 ","NY"," BINGHAMTON WB AP              "
"645","USW00014739 ","MA"," BOSTON                        "
"646","USW00014740 ","CT"," HARTFORD-BRADLEY INTL AP      "
"647","USW00014741 ","PA"," BROOKVILLE FAA AP             "
"648","USW00014742 ","VT"," BURLINGTON INTL AP            "
"649","USW00014743 ","NY"," CANTON 4 SE                   "
"650","USW00014745 ","NH"," CONCORD ASOS                  "
"651","USW00014746 ","PA"," CURWENSVILLE WB AP            "
"652","USW00014747 ","NY"," DUNKIRK CHAUTAUQUA CO AP      "
"653","USW00014748 ","NY"," ELMIRA CORNING RGNL AP        "
"654","USW00014749 ","NY"," FT PLAIN WB AP                "
"655","USW00014750 ","NY"," GLENS FALLS AP                "
"656","USW00014751 ","PA"," HARRISBURG CAPITAL CITY AP    "
"657","USW00014752 ","CT"," HARTFORD BRAINARD FLD         "
"658","USW00014753 ","MA"," BLUE HILL LCD                 "
"659","USW00014754 ","PA"," TOBYHANNA POCONO MTN AP       "
"660","USW00014755 ","NH"," MT WASHINGTON                 "
"661","USW00014756 ","MA"," NANTUCKET MEM AP              "
"662","USW00014757 ","NY"," POUGHKEEPSIE AP               "
"663","USW00014758 ","CT"," NEW HAVEN TWEED AP            "
"664","USW00014760 ","PA"," PARK PLACE WB                 "
"665","USW00014761 ","PA"," PHILIPSBURG 8 E               "
"666","USW00014762 ","PA"," PITTSBURGH ALLEGHENY CO AP    "
"667","USW00014763 ","MA"," PITTSFIELD MUNI AP            "
"668","USW00014764 ","ME"," PORTLAND JETPORT              "
"669","USW00014765 ","RI"," PROVIDENCE                    "
"670","USW00014767 ","PA"," READING WB CITY               "
"671","USW00014768 ","NY"," ROCHESTER GTR INTL            "
"672","USW00014770 ","PA"," SELINSGROVE PENN VALLEY AP    "
"673","USW00014771 ","NY"," SYRACUSE HANCOCK INTL AP      "
"674","USW00014772 ","NY"," TICONDEROGA 3 NE              "
"675","USW00014773 ","NJ"," TRENTON                       "
"676","USW00014774 ","NY"," UTICA AP                      "
"677","USW00014775 ","MA"," WESTFIELD BARNES MUNI AP      "
"678","USW00014776 ","NH"," LEBANON CAA AP                "
"679","USW00014777 ","PA"," WILKES-BARRE/SCRANTON INTL AP "
"680","USW00014778 ","PA"," WILLIAMSPORT RGNL AP          "
"681","USW00014780 ","NJ"," LAKEHURST AP                  "
"682","USW00014781 ","MA"," AYER                          "
"683","USW00014782 ","RI"," CHARLESTOWN NAAS              "
"684","USW00014784 ","ME"," LEWISTON NAAF                 "
"685","USW00014786 ","NY"," NEW YORK FLOYD BENNETT FLD    "
"686","USW00014787 ","RI"," NEWPORT STATE AP              "
"687","USW00014788 ","RI"," QUONSET PT NAS                "
"688","USW00014789 ","MA"," SQUANTUM NAS                  "
"689","USW00014790 ","MA"," SOUTH WEYMOUTH NAS            "
"690","USW00014791 ","ME"," SANFORD                       "
"691","USW00014792 ","NJ"," TRENTON-MERCER AP             "
"692","USW00014793 ","PA"," WILLOW GROVE NAS              "
"693","USW00014794 ","RI"," WESTERLY STATE AP             "
"694","USW00014797 ","NY"," BEAR MTN WB                   "
"695","USW00014798 ","NY"," BINGHAMTON WB CITY            "
"696","USW00014799 ","RI"," BLOCK ISLAND                  "
"697","USW00014804 ","MI"," MT CLEMENS ANG BASE           "
"698","USW00014805 ","IN"," FT WAYNE BAER FLD             "
"699","USW00014806 ","IL"," RANTOUL                       "
"700","USW00014808 ","MI"," OSCODA WURTSMITH AP           "
"701","USW00014809 ","PA"," GTR PITTSBURGH AFB            "
"702","USW00014810 ","IL"," PARK RIDGE                    "
"703","USW00014812 ","PA"," MERCER WB AP                  "
"704","USW00014813 ","OH"," AKRON FULTON INTL AP          "
"705","USW00014814 ","MI"," ALPENA WWTP                   "
"706","USW00014815 ","MI"," BATTLE CREEK KELLOGG AP       "
"707","USW00014816 ","IL"," BRADFORD FAA AP               "
"708","USW00014817 ","MI"," CADILLAC                      "
"709","USW00014819 ","IL"," CHICAGO MIDWAY AP             "
"710","USW00014820 ","OH"," CLEVELAND                     "
"711","USW00014821 ","OH"," JOHN GLENN INTL AP            "
"712","USW00014822 ","MI"," DETROIT CITY AP               "
"713","USW00014823 ","OH"," EAST LIVERPOOL WB AP          "
"714","USW00014824 ","MI"," ESCANABA                      "
"715","USW00014825 ","OH"," FINDLAY AP                    "
"716","USW00014826 ","MI"," FLINT FCWOS                   "
"717","USW00014827 ","IN"," FT WAYNE INTL AP              "
"718","USW00014828 ","MI"," GLADWIN                       "
"719","USW00014829 ","IN"," GOSHEN MUNI AP                "
"720","USW00014830 ","MI"," GRAND RAPIDS WB AP            "
"721","USW00014833 ","MI"," JACKSON REYNOLDS FLD          "
"722","USW00014834 ","IL"," JOLIET                        "
"723","USW00014835 ","IN"," LAFAYETTE PURDUE UNIV AP      "
"724","USW00014836 ","MI"," LANSING CAPITAL CITY AP       "
"725","USW00014837 ","WI"," MADISON DANE CO RGNL AP       "
"726","USW00014838 ","MI"," MARQUETTE                     "
"727","USW00014839 ","WI"," MILWAUKEE MITCHELL AP         "
"728","USW00014840 ","MI"," MUSKEGON CO AP                "
"729","USW00014841 ","MI"," PELLSTON RGNL AP              "
"730","USW00014842 ","IL"," GENERAL WAYNE A DOWNING INTL A"
"731","USW00014843 ","OH"," PERRY CAA AP                  "
"732","USW00014844 ","IL"," ROCKFORD CAA AP               "
"733","USW00014845 ","MI"," SAGINAW MBS INTL AP           "
"734","USW00014846 ","OH"," SANDUSKY                      "
"735","USW00014847 ","MI"," SAULT STE MARIE SANDERSON FLD "
"736","USW00014848 ","IN"," S BEND AP                     "
"737","USW00014849 ","OH"," TOLEDO WB AP                  "
"738","USW00014850 ","MI"," TRAVERSE CY CHERRY CAPITAL AP "
"739","USW00014852 ","OH"," YOUNGSTOWN-WARREN RGNL AP     "
"740","USW00014853 ","MI"," DETROIT WILLOW RUN AP         "
"741","USW00014854 ","IN"," BUNKER HILL NAS               "
"742","USW00014855 ","IL"," GLENVIEW NAS                  "
"743","USW00014856 ","MI"," GROSSE ILE NAS                "
"744","USW00014857 ","MI"," TRAVERSE CITY                 "
"745","USW00014858 ","MI"," HANCOCK HOUGHTON CO AP        "
"746","USW00014859 ","MI"," GRAND MARAIS 2 E              "
"747","USW00014860 ","PA"," ERIE INTL AP                  "
"748","USW00014861 ","PA"," PITTSBURGH WSO CITY           "
"749","USW00014874 ","IL"," PEORIA CITY OFFICE            "
"750","USW00014880 ","IL"," CHICAGO WAUKEGAN RGNL AP      "
"751","USW00014881 ","IL"," FORT DEARBORN                 "
"752","USW00014891 ","OH"," MANSFIELD LAHM RGNL AP        "
"753","USW00014892 ","IL"," CHICAGO UNIV                  "
"754","USW00014894 ","WV"," WHEELING OHIO CO AP           "
"755","USW00014895 ","OH"," AKRON CANTON AP               "
"756","USW00014896 ","OH"," AKRON NAS                     "
"757","USW00014897 ","WI"," WAUSAU ASOS                   "
"758","USW00014898 ","WI"," GREEN BAY                     "
"759","USW00014904 ","NE"," LINCOLN AFB                   "
"760","USW00014905 ","NE"," KEARNEY MUNI AP               "
"761","USW00014910 ","MN"," ALEXANDRIA CHANDLER FLD       "
"762","USW00014912 ","ND"," DEVILS LAKE KDLR              "
"763","USW00014913 ","MN"," DULUTH                        "
"764","USW00014914 ","ND"," FARGO HECTOR INTL AP          "
"765","USW00014916 ","ND"," GRAND FORKS INTL AP           "
"766","USW00014918 ","MN"," INTL FALLS INTL AP            "
"767","USW00014919 ","ND"," JAMESTOWN MUNI AP             "
"768","USW00014920 ","WI"," LA CROSSE MUNI AP             "
"769","USW00014921 ","WI"," LONE ROCK TRI CO AP           "
"770","USW00014922 ","MN"," MINNEAPOLIS-ST PAUL INTL AP   "
"771","USW00014923 ","IL"," MOLINE QUAD CITY INTL AP      "
"772","USW00014924 ","ND"," PEMBINA                       "
"773","USW00014925 ","MN"," ROCHESTER INTL AP             "
"774","USW00014926 ","MN"," ST CLOUD RGNL AP              "
"775","USW00014927 ","MN"," ST PAUL DWTN AP               "
"776","USW00014928 ","MN"," WILLMAR AP                    "
"777","USW00014929 ","SD"," ABERDEEN                      "
"778","USW00014930 ","IA"," ATLANTIC CAA AP               "
"779","USW00014931 ","IA"," BURLINGTON MUNI AP            "
"780","USW00014932 ","IA"," DAVENPORT L&D 15              "
"781","USW00014933 ","IA"," DES MOINES INTL AP            "
"782","USW00014934 ","IA"," DUBUQUE RIVER                 "
"783","USW00014935 ","NE"," GRAND IS CNTRL NE RGNL AP     "
"784","USW00014936 ","SD"," HURON RGNL AP                 "
"785","USW00014937 ","IA"," IOWA CITY MUNI AP             "
"786","USW00014938 ","MO"," KIRKSVILLE RGNL AP            "
"787","USW00014939 ","NE"," LINCOLN AP                    "
"788","USW00014940 ","IA"," MASON CITY MUNI AP            "
"789","USW00014941 ","NE"," NORFOLK KARL STEFAN MEM AP    "
"790","USW00014942 ","NE"," OMAHA EPPLEY AIRFIELD         "
"791","USW00014943 ","IA"," SIOUX CITY AP                 "
"792","USW00014944 ","SD"," SIOUX FALLS                   "
"793","USW00014945 ","MO"," TARKIO                        "
"794","USW00014946 ","SD"," WATERTOWN RGNL AP             "
"795","USW00014947 ","MN"," MINNEAPOLIS NAS               "
"796","USW00014948 ","IA"," OTTUMWA NAS                   "
"797","USW00014949 ","NE"," BELLEVUE OFFUTT AFB           "
"798","USW00014950 ","IA"," OTTUMWA IND AP                "
"799","USW00014954 ","MN"," MANKATO MUNI AP               "
"800","USW00014966 ","IA"," NE IOWA RGNL AP               "
"801","USW00014971 ","NE"," LINCOLN UNIV PWR PLT          "
"802","USW00014972 ","IA"," SPENCER MUNI AP               "
"803","USW00014989 ","NE"," YORK                          "
"804","USW00014990 ","IA"," CEDAR RAPIDS MUNI AP          "
"805","USW00014991 ","WI"," CHIPPEWA VALLEY RGNL AP       "
"806","USW00014992 ","MN"," REDWOOD FALLS MUNI AP         "
"807","USW00014993 ","IA"," LAMONI                        "
"808","USW00014994 ","NE"," LEXINGTON KELLY FLD           "
"809","USW00014995 ","WI"," GRANTSBURG                    "
"810","USW00021503 ","HI"," HILO NAS                      "
"811","USW00021504 ","HI"," HILO INTL AP 87               "
"812","USW00021508 ","HI"," BRADSHAW AAF                  "
"813","USW00021510 ","HI"," KAILUA KONA KE-AHOLE AP       "
"814","USW00021514 ","HI"," MAUNA LOA 5 NNE               "
"815","USW00021515 ","HI"," HILO 5 S                      "
"816","USW00022001 ","TX"," DEL RIO LAUGHLIN AFB          "
"817","USW00022004 ","TX"," DEL RIO WB CITY               "
"818","USW00022010 ","TX"," DEL RIO INTL AP               "
"819","USW00022016 ","TX"," PANTHER JUNCTION 2 N          "
"820","USW00022501 ","HI"," BARKING SANDS                 "
"821","USW00022504 ","HI"," HICKAM AFB                    "
"822","USW00022508 ","HI"," WHEELER AAF 810.1             "
"823","USW00022514 ","HI"," BARBERS POINT NAS             "
"824","USW00022515 ","HI"," EWA MCAS                      "
"825","USW00022516 ","HI"," KAHULUI AP                    "
"826","USW00022517 ","HI"," HICKMAN FLD                   "
"827","USW00022519 ","HI"," KANEOHE BAY MCAS              "
"828","USW00022521 ","HI"," HONOLULU INTL AP              "
"829","USW00022522 ","HI"," HONOLULU SUBSTN 407           "
"830","USW00022525 ","HI"," PUUNENE                       "
"831","USW00022526 ","HI"," PORT ALLEN                    "
"832","USW00022534 ","HI"," MOLOKAI KAUNAKAKAI MOLOKAI AP "
"833","USW00022536 ","HI"," LIHUE WSO AP 1020.1           "
"834","USW00022551 ","HI"," EWA KALAELOA AP               "
"835","USW00022602 ","HI"," FRNCH FRIGAT SHS NAS          "
"836","USW00022703 ","UM"," MIDWAY ISLAND                 "
"837","USW00023002 ","NM"," HOLLOMAN AFB                  "
"838","USW00023004 ","NM"," KIRTLAND AFB                  "
"839","USW00023005 ","TX"," WEBB AFB                      "
"840","USW00023007 ","TX"," CHILDRESS MUNI AP             "
"841","USW00023008 ","NM"," CLOVIS CANNON AFB             "
"842","USW00023009 ","NM"," ROSWELL IND AIR PK            "
"843","USW00023012 ","CO"," DENVER LOWRY AFB              "
"844","USW00023017 ","TX"," SAN ANGELO GOODFELLOW AFB     "
"845","USW00023019 ","TX"," BIGGS AFB                     "
"846","USW00023020 ","KS"," LIBERAL MUNI AP               "
"847","USW00023021 ","TX"," REESE AFB                     "
"848","USW00023023 ","TX"," MIDLAND ODESSA                "
"849","USW00023034 ","TX"," SAN ANGELO                    "
"850","USW00023036 ","CO"," AURORA BUCKLEY FLD ANGB       "
"851","USW00023039 ","NM"," LAS CRUCES WHITE SANDS MISSILE"
"852","USW00023040 ","TX"," WINK FAA AP                   "
"853","USW00023041 ","TX"," BIG SPRING                    "
"854","USW00023042 ","TX"," LUBBOCK                       "
"855","USW00023043 ","NM"," ROSWELL MUNI AP               "
"856","USW00023044 ","TX"," EL PASO INTL AP               "
"857","USW00023045 ","NM"," RODEO CAA AP                  "
"858","USW00023046 ","NM"," ENGLE CAA AP                  "
"859","USW00023047 ","TX"," AMARILLO                      "
"860","USW00023048 ","NM"," TUCUMCARI MUNI AP             "
"861","USW00023049 ","NM"," SANTA FE CO MUNI AP           "
"862","USW00023050 ","NM"," ALBUQUERQUE INTL AP           "
"863","USW00023051 ","NM"," CLAYTON MUNI AIR PK           "
"864","USW00023052 ","NM"," RATON MUNI CREWS FLD AP       "
"865","USW00023053 ","TX"," PAMPA WB AP                   "
"866","USW00023054 ","NM"," LAS VEGAS MUNI AP             "
"867","USW00023055 ","TX"," PINE SPGS GUADALUPE MOUNTAINS "
"868","USW00023056 ","NM"," OTTO FAA AP                   "
"869","USW00023057 ","NM"," ACOMITA CAA AP                "
"870","USW00023058 ","NM"," COLUMBUS                      "
"871","USW00023059 ","TX"," SALT FLAT CAA AP              "
"872","USW00023060 ","NM"," EL MORRO CAA AP               "
"873","USW00023061 ","CO"," ALAMOSA-BERGMAN FLD           "
"874","USW00023062 ","CO"," DENVER-STAPLETON              "
"875","USW00023063 ","CO"," EAGLE FAA AP                  "
"876","USW00023064 ","KS"," GARDEN CITY RGNL AP           "
"877","USW00023065 ","KS"," GOODLAND                      "
"878","USW00023066 ","CO"," GRAND JUNCTION WALKER FLD     "
"879","USW00023067 ","CO"," LA JUNTA MUNI AP              "
"880","USW00023068 ","CO"," PUEBLO                        "
"881","USW00023070 ","CO"," TRINIDAD AP                   "
"882","USW00023072 ","TX"," CLARENDON                     "
"883","USW00023077 ","NM"," CLOVIS MUNICIPAL AP           "
"884","USW00023078 ","NM"," DEMING MUNI AP                "
"885","USW00023080 ","TX"," EL PASO                       "
"886","USW00023081 ","NM"," GALLUP MUNI AP                "
"887","USW00023090 ","NM"," FARMINGTON FOUR CORNERS RGNL A"
"888","USW00023091 ","TX"," FT STOCKTON PECOS CO AP       "
"889","USW00023104 ","AZ"," PHOENIX                       "
"890","USW00023109 ","AZ"," DAVIS MONTHAN AFB             "
"891","USW00023110 ","CA"," LEMOORE REEVES NAS            "
"892","USW00023111 ","AZ"," PHOENIX LUKE AFB              "
"893","USW00023112 ","NV"," LAS VEGAS NELLIS AFB          "
"894","USW00023114 ","CA"," EDWARDS AFB                   "
"895","USW00023118 ","NV"," STEAD AFB                     "
"896","USW00023119 ","CA"," MARCH AFB                     "
"897","USW00023122 ","CA"," NORTON AFB                    "
"898","USW00023129 ","CA"," LONG BEACH DAUGHERTY AP       "
"899","USW00023130 ","CA"," VAN NUYS AP                   "
"900","USW00023131 ","CA"," VICTORVILLE SO CA AP          "
"901","USW00023136 ","CA"," CAMARILLO AP                  "
"902","USW00023141 ","NV"," INDIAN SPRINGS                "
"903","USW00023152 ","CA"," BURBANK GLENDALE PASADENA AP  "
"904","USW00023153 ","NV"," TONOPAH AP                    "
"905","USW00023154 ","NV"," ELY AP                        "
"906","USW00023155 ","CA"," BAKERSFIELD AP                "
"907","USW00023156 ","CA"," BEAUMONT "
"908","USW00023157 ","CA"," BISHOP AP                     "
"909","USW00023158 ","CA"," BLYTHE ASOS                   "
"910","USW00023159 ","UT"," BRYCE CANYON AP               "
"911","USW00023160 ","AZ"," TUCSON INTL AP                "
"912","USW00023161 ","CA"," BARSTOW-DAGGETT AP            "
"913","USW00023162 ","UT"," DELTA                         "
"914","USW00023166 ","AZ"," FLAGSTAFF WB CITY             "
"915","USW00023168 ","AZ"," GILA BEND AVIATION            "
"916","USW00023169 ","NV"," MCCARRAN INTL AP              "
"917","USW00023170 ","UT"," HANKSVILLE                    "
"918","USW00023172 ","CA"," COACHELLA INDIO CAA           "
"919","USW00023173 ","NV"," LAS VEGAS WB AP               "
"920","USW00023174 ","CA"," LOS ANGELES INTL AP           "
"921","USW00023176 ","UT"," MILFORD MUNI AP               "
"922","USW00023177 ","UT"," MODENA                        "
"923","USW00023178 ","CA"," MT LAGUNA CAA AP              "
"924","USW00023179 ","CA"," NEEDLES AP                    "
"925","USW00023180 ","CA"," NEWHALL AP                    "
"926","USW00023181 ","CA"," OCEANSIDE CAA AP              "
"927","USW00023182 ","CA"," PALMDALE AP                   "
"928","USW00023183 ","AZ"," PHOENIX AP                    "
"929","USW00023184 ","AZ"," PRESCOTT LOVE FLD             "
"930","USW00023185 ","NV"," RENO AP                       "
"931","USW00023186 ","UT"," ST GEORGE MUNI AP             "
"932","USW00023187 ","CA"," SANDBERG                      "
"933","USW00023188 ","CA"," SAN DIEGO INTL AP             "
"934","USW00023190 ","CA"," SANTA BARBARA MUNI AP         "
"935","USW00023191 ","CA"," AVALON CATALINA AP            "
"936","USW00023192 ","CA"," SILVER LAKE CAA AP            "
"937","USW00023194 ","AZ"," WINSLOW AP                    "
"938","USW00023195 ","AZ"," YUMA WSO AP                   "
"939","USW00023196 ","CA"," CHULA VISTA BROWN FLD NAAS    "
"940","USW00023199 ","CA"," EL CENTRO NAF                 "
"941","USW00023202 ","CA"," TRAVIS AFB                    "
"942","USW00023203 ","CA"," CASTLE AFB                    "
"943","USW00023206 ","CA"," SACRAMENTO MATHER AFB         "
"944","USW00023208 ","CA"," SACRAMENTO MCCLELLAN AFB      "
"945","USW00023211 ","CA"," HAMILTON AF BASE              "
"946","USW00023213 ","CA"," SANTA ROSA SONOMA CO AP       "
"947","USW00023225 ","CA"," BLUE CANYON NYACK AP          "
"948","USW00023226 ","CA"," DONNER SUMMIT CAA             "
"949","USW00023230 ","CA"," OAKLAND INTL AP               "
"950","USW00023232 ","CA"," SACRAMENTO AP ASOS            "
"951","USW00023233 ","CA"," SALINAS AP                    "
"952","USW00023234 ","CA"," SAN FRANCISCO INTL AP         "
"953","USW00023237 ","CA"," STOCKTON AP                   "
"954","USW00023238 ","CA"," WILLIAMS CAA AP               "
"955","USW00023239 ","CA"," ALAMEDA NAS                   "
"956","USW00023240 ","CA"," CROWS LANDING                 "
"957","USW00023241 ","CA"," HOLLISTER NAAS                "
"958","USW00023243 ","CA"," LOMPOC AP                     "
"959","USW00023244 ","CA"," MOFFETT FED AIRFIELD          "
"960","USW00023245 ","CA"," MONTEREY NAF                  "
"961","USW00023246 ","CA"," SANTA ROSA NAAS               "
"962","USW00023248 ","CA"," VERNALIS NAAS                 "
"963","USW00023249 ","CA"," WATSONVILLE NAAS              "
"964","USW00023254 ","CA"," CONCORD BUCHANAN FLD          "
"965","USW00023257 ","CA"," MERCED MUNI AP                "
"966","USW00023258 ","CA"," MODESTO AP                    "
"967","USW00023259 ","CA"," MONTEREY PENINSUL AP          "
"968","USW00023271 ","CA"," SACRAMENTO 5 ESE              "
"969","USW00023272 ","CA"," SAN FRANCISCO DWTN            "
"970","USW00023273 ","CA"," SANTA MARIA PUBLIC AP         "
"971","USW00023275 ","CA"," UKIAH MUNI AP                 "
"972","USW00023277 ","CA"," WATSONVILLE MUNI AP           "
"973","USW00023285 ","CA"," LIVERMORE MUNI AP             "
"974","USW00023293 ","CA"," SAN JOSE                      "
"975","USW00023583 ","AK"," ALEKNAGIK 1 NNE               "
"976","USW00023801 ","AL"," TROY 2 W                      "
"977","USW00023802 ","AL"," THOMASVILLE 2 S               "
"978","USW00023803 ","MS"," HOLLY SPRINGS 4 N             "
"979","USW00023904 ","AR"," BATESVILLE 8 WNW              "
"980","USW00023906 ","TX"," PORT ARANSAS 32 NNE           "
"981","USW00023907 ","TX"," AUSTIN 33 NW                  "
"982","USW00023908 ","MO"," JOPLIN 24 N                   "
"983","USW00023909 ","MO"," SALEM 10 W                    "
"984","USW00024006 ","SD"," ELLSWORTH AFB                 "
"985","USW00024011 ","ND"," BISMARCK                      "
"986","USW00024012 ","ND"," DICKINSON THEODORE ROOSEVELT R"
"987","USW00024013 ","ND"," MINOT INTL AP                 "
"988","USW00024015 ","CO"," AKRON WASHINGTON CO AP        "
"989","USW00024017 ","NE"," CHADRON MUNI AP               "
"990","USW00024018 ","WY"," CHEYENNE                      "
"991","USW00024019 ","WY"," DOUGLAS CAA AP                "
"992","USW00024020 ","NE"," HAYES CENTER 1NW              "
"993","USW00024021 ","WY"," LANDER AP                     "
"994","USW00024022 ","WY"," LARAMIE AP                    "
"995","USW00024023 ","NE"," N PLATTE RGNL AP              "
"996","USW00024024 ","SD"," PHILIP AP                     "
"997","USW00024025 ","SD"," PIERRE RGNL AP                "
"998","USW00024027 ","WY"," ROCK SPRINGS AP               "
"999","USW00024028 ","NE"," SCOTTSBLUFF W B HEILIG FLD AP "
"1000","USW00024029 ","WY"," SHERIDAN AP                   "
"1001","USW00024030 ","NE"," SIDNEY MUNI AP                "
"1002","USW00024031 ","WY"," SINCLAIR CAA AP               "
"1003","USW00024032 ","NE"," VALENTINE MILLER FLD AP       "
"1004","USW00024033 ","MT"," BILLINGS INTL AP              "
"1005","USW00024035 ","MT"," HAVRE WB CITY                 "
"1006","USW00024036 ","MT"," LEWISTOWN AP                  "
"1007","USW00024037 ","MT"," MILES CITY AP                 "
"1008","USW00024040 ","MT"," CUSTER                        "
"1009","USW00024044 ","NE"," ALLIANCE MUNI AP ASOS         "
"1010","USW00024045 ","WY"," CODY MUNICIPAL AP             "
"1011","USW00024046 ","CO"," CRAIG MOFFAT CO AP            "
"1012","USW00024048 ","WY"," GREYBULL S BIG HORN CO AP     "
"1013","USW00024051 ","CO"," GREELEY WELD CO AP            "
"1014","USW00024057 ","WY"," RAWLINS AP                    "
"1015","USW00024061 ","WY"," RIVERTON                      "
"1016","USW00024062 ","WY"," WORLAND MUNI AP               "
"1017","USW00024088 ","WY"," MOORCROFT 3S                  "
"1018","USW00024089 ","WY"," CASPER-NATRONA CO AP          "
"1019","USW00024090 ","SD"," RAPID CITY RGNL AP            "
"1020","USW00024091 ","NE"," IMPERIAL MUNI AP              "
"1021","USW00024101 ","UT"," OGDEN HILL AFB                "
"1022","USW00024103 ","UT"," DUGWAY PROVING GROUNDS        "
"1023","USW00024106 ","ID"," MTN HOME AFB                  "
"1024","USW00024110 ","WA"," MOSES LAKE GRANT CO AP        "
"1025","USW00024111 ","UT"," WENDOVER DARBY AFB            "
"1026","USW00024112 ","MT"," MALMSTROM AFB                 "
"1027","USW00024114 ","WA"," FAIRCHILD AFB                 "
"1028","USW00024118 ","WY"," FT BRIDGER AP                 "
"1029","USW00024119 ","NV"," BATTLE MOUNTAIN 4SE           "
"1030","USW00024120 ","UT"," COALVILLE                     "
"1031","USW00024121 ","NV"," ELKO RGNL AP                  "
"1032","USW00024122 ","UT"," FAIRFIELD CAA AP              "
"1033","USW00024125 ","UT"," LUCIN                         "
"1034","USW00024126 ","UT"," OGDEN HINKLEY AP              "
"1035","USW00024127 ","UT"," SALT LAKE CITY INTL AP        "
"1036","USW00024128 ","NV"," WINNEMUCCA AP                 "
"1037","USW00024130 ","OR"," BAKER CITY AP                 "
"1038","USW00024131 ","ID"," BOISE AIR TERMINAL            "
"1039","USW00024132 ","MT"," BOZEMAN GALLATIN FLD AP       "
"1040","USW00024133 ","ID"," BURLEY MUNI AP                "
"1041","USW00024134 ","OR"," BURNS WSO CITY                "
"1042","USW00024135 ","MT"," BUTTE BERT MOONEY AP          "
"1043","USW00024136 ","ID"," COEUR D ALENE AP              "
"1044","USW00024137 ","MT"," CUT BANK AP                   "
"1045","USW00024138 ","MT"," DILLON AP                     "
"1046","USW00024139 ","MT"," DRUMMOND AVIATION             "
"1047","USW00024140 ","ID"," DUBOIS                        "
"1048","USW00024141 ","WA"," EPHRATA AP                    "
"1049","USW00024142 ","ID"," GOODING 2 S                   "
"1050","USW00024143 ","MT"," GREAT FALLS AP                "
"1051","USW00024144 ","MT"," HELENA AP ASOS                "
"1052","USW00024145 ","ID"," IDAHO FALLS FAA AP            "
"1053","USW00024147 ","WA"," LA CROSSE WB CITY             "
"1054","USW00024148 ","OR"," LA GRANDE MUNI AP             "
"1055","USW00024149 ","ID"," LEWISTON AP                   "
"1056","USW00024150 ","MT"," LIVINGSTON AP                 "
"1057","USW00024151 ","ID"," MALAD CITY                    "
"1058","USW00024152 ","OR"," MEACHAM                       "
"1059","USW00024153 ","MT"," MISSOULA INTL AP              "
"1060","USW00024154 ","ID"," MULLAN PASS VOR/DME           "
"1061","USW00024155 ","OR"," PENDLETON                     "
"1062","USW00024156 ","ID"," POCATELLO RGNL AP             "
"1063","USW00024157 ","WA"," SPOKANE INTL AP               "
"1064","USW00024158 ","ID"," STREVELL                      "
"1065","USW00024159 ","MT"," SUPERIOR                      "
"1066","USW00024160 ","WA"," WALLA WALLA RGNL AP           "
"1067","USW00024161 ","MT"," WHITEHALL 7 E                 "
"1068","USW00024162 ","OR"," ONTARIO                       "
"1069","USW00024163 ","WA"," PASCO TRI CITIES AP           "
"1070","USW00024164 ","WY"," BIG PINEY MARBLETON AP        "
"1071","USW00024166 ","WY"," JACKSON HOLE AP               "
"1072","USW00024172 ","NV"," LOVELOCK DERBY FLD AP         "
"1073","USW00024175 ","UT"," SALT LAKE CITY                "
"1074","USW00024193 ","UT"," WENDOVER AP AWOS              "
"1075","USW00024199 ","OR"," BAKER KBKR                    "
"1076","USW00024201 ","WA"," GRAY AAF                      "
"1077","USW00024202 ","OR"," CORVALLIS                     "
"1078","USW00024203 ","WA"," EVERETT PAINE AFB             "
"1079","USW00024207 ","WA"," TACOMA MCCHORD AFB            "
"1080","USW00024213 ","CA"," EUREKA WFO WOODLEY IS         "
"1081","USW00024214 ","CA"," MONTAGUE YREKA MUNI AP        "
"1082","USW00024215 ","CA"," MT SHASTA                     "
"1083","USW00024216 ","CA"," RED BLUFF MUNI AP             "
"1084","USW00024217 ","WA"," BELLINGHAM INTL AP            "
"1085","USW00024219 ","WA"," DALLESPORT AP                 "
"1086","USW00024220 ","WA"," ELLENSBURG BOWERS FLD         "
"1087","USW00024221 ","OR"," EUGENE-MAHLON SWEET FLD       "
"1088","USW00024222 ","WA"," EVERETT SNOHOMISH CO AP       "
"1089","USW00024223 ","WA"," KELSO WB AP                   "
"1090","USW00024224 ","OR"," KLAMATH FALLS AP              "
"1091","USW00024225 ","OR"," MEDFORD INTL AP               "
"1092","USW00024226 ","WA"," NORTH HEAD WB                 "
"1093","USW00024227 ","WA"," OLYMPIA AP                    "
"1094","USW00024228 ","WA"," PORT ANGELES WB AP            "
"1095","USW00024229 ","OR"," PORTLAND INTL AP              "
"1096","USW00024230 ","OR"," REDMOND AP                    "
"1097","USW00024231 ","OR"," ROSEBURG RGNL AP              "
"1098","USW00024232 ","OR"," SALEM AP (MCNARY FIELD)       "
"1099","USW00024233 ","WA"," SEATTLE TACOMA AP             "
"1100","USW00024234 ","WA"," SEATTLE BOEING FLD            "
"1101","USW00024235 ","OR"," SEXTON SUMMIT                 "
"1102","USW00024236 ","OR"," SISKIYOU SUMMIT               "
"1103","USW00024237 ","WA"," STAMPEDE PASS                 "
"1104","USW00024238 ","WA"," STEVENSON WB CITY             "
"1105","USW00024239 ","WA"," TACOMA CITY HALL              "
"1106","USW00024240 ","WA"," TATOOSH ISLAND WB             "
"1107","USW00024241 ","WA"," TOLEDO FAA AP                 "
"1108","USW00024242 ","OR"," PORTLAND TROUTDALE AP         "
"1109","USW00024243 ","WA"," YAKIMA AP                     "
"1110","USW00024244 ","WA"," SEATTLE NAS                   "
"1111","USW00024245 ","CA"," ARCATA NAAS                   "
"1112","USW00024246 ","OR"," ASTORIA NAS                   "
"1113","USW00024247 ","WA"," ARLINGTON NAAS                "
"1114","USW00024249 ","OR"," KLAMATH FALLS                 "
"1115","USW00024250 ","OR"," LAKEVIEW NAS                  "
"1116","USW00024251 ","OR"," NORTH BEND NAAF               "
"1117","USW00024252 ","WA"," QUILLAYUTE NAAS               "
"1118","USW00024253 ","WA"," SHELTON NAAS                  "
"1119","USW00024254 ","OR"," TILLAMOOK NAS                 "
"1120","USW00024255 ","WA"," WHIDBEY ISLAND NAS            "
"1121","USW00024257 ","CA"," REDDING AP                    "
"1122","USW00024259 ","CA"," MONTAGUE SISKIYOU AP          "
"1123","USW00024274 ","OR"," PORTLAND RFC CITY             "
"1124","USW00024281 ","WA"," SEATTLE URBAN SITE            "
"1125","USW00024283 ","CA"," ARCATA EUREKA AP              "
"1126","USW00024284 ","OR"," N BEND SW OREGON RGNL AP      "
"1127","USW00024285 ","OR"," NEWPORT                       "
"1128","USW00024286 ","CA"," CRESCENT CITY MCNAMARA AP     "
"1129","USW00025308 ","AK"," ANNETTE AP                    "
"1130","USW00025309 ","AK"," JUNEAU AP                     "
"1131","USW00025322 ","AK"," GUSTAVUS                      "
"1132","USW00025323 ","AK"," HAINES AP                     "
"1133","USW00025325 ","AK"," KETCHIKAN AP                  "
"1134","USW00025329 ","AK"," PETERSBURG 1                  "
"1135","USW00025331 ","AK"," PALMER AP                     "
"1136","USW00025333 ","AK"," SITKA AP                      "
"1137","USW00025335 ","AK"," SKAGWAY AP                    "
"1138","USW00025339 ","AK"," YAKUTAT AP                    "
"1139","USW00025367 ","AK"," KLAWOCK AP                    "
"1140","USW00025376 ","AK"," HYDABURG SEAPLANE BASE        "
"1141","USW00025379 ","AK"," SITKA 1 NE                    "
"1142","USW00025380 ","AK"," GUSTAVUS 2 NE                 "
"1143","USW00025381 ","AK"," METLAKATLA 6 S                "
"1144","USW00025382 ","AK"," YAKUTAT 3 SSE                 "
"1145","USW00025402 ","AK"," MIDDLETON ISLAND AUTO         "
"1146","USW00025403 ","AK"," MIDDLETON ISLAND              "
"1147","USW00025501 ","AK"," KODIAK AP                     "
"1148","USW00025503 ","AK"," KING SALMON                   "
"1149","USW00025506 ","AK"," ILIAMNA AP                    "
"1150","USW00025507 ","AK"," HOMER AP                      "
"1151","USW00025508 ","AK"," PORT HEIDEN                   "
"1152","USW00025515 ","AK"," DRIFTWOOD BAY                 "
"1153","USW00025516 ","AK"," SELDOVIA AP                   "
"1154","USW00025519 ","AK"," EGEGIK AP                     "
"1155","USW00025522 ","AK"," KING SALMON 42 SE             "
"1156","USW00025602 ","AK"," UMNAK                         "
"1157","USW00025603 ","AK"," THORNBROUGH                   "
"1158","USW00025623 ","AK"," CAPE NEWENHAM AFS             "
"1159","USW00025624 ","AK"," COLD BAY AP                   "
"1160","USW00025625 ","AK"," PORT MOLLER                   "
"1161","USW00025626 ","AK"," NIKOLSKI                      "
"1162","USW00025628 ","AK"," ST GEORGE IS AP               "
"1163","USW00025630 ","AK"," SAND POINT 1 ENE              "
"1164","USW00025704 ","AK"," ADAK AP                       "
"1165","USW00025708 ","AK"," ATKA ISLAND                   "
"1166","USW00025709 ","AK"," ASI TANAGA ISLAND NS          "
"1167","USW00025711 ","AK"," ST. PAUL 4 NE                 "
"1168","USW00025713 ","AK"," SAINT PAUL IS AP              "
"1169","USW00026401 ","AK"," ELMENDORF AFB                 "
"1170","USW00026403 ","AK"," LADD AAB                      "
"1171","USW00026407 ","AK"," EIELSON FLD                   "
"1172","USW00026409 ","AK"," ANCHORAGE MERRILL FLD         "
"1173","USW00026410 ","AK"," CORDOVA AP                    "
"1174","USW00026411 ","AK"," FAIRBANKS INTL AP             "
"1175","USW00026412 ","AK"," NORTHWAY AP                   "
"1176","USW00026413 ","AK"," FT YUKON                      "
"1177","USW00026414 ","AK"," SUMMIT WSO AP                 "
"1178","USW00026415 ","AK"," BIG DELTA AP                  "
"1179","USW00026422 ","AK"," EAGLE AP                      "
"1180","USW00026425 ","AK"," GULKANA AP                    "
"1181","USW00026435 ","AK"," NENANA MUNI AP                "
"1182","USW00026436 ","AK"," NORTH DUTCH ISLAND CAA        "
"1183","USW00026438 ","AK"," SEWARD AP                     "
"1184","USW00026439 ","AK"," SHEEP MTN CAA AP              "
"1185","USW00026440 ","AK"," TANACROSS                     "
"1186","USW00026442 ","AK"," VALDEZ WSO                    "
"1187","USW00026445 ","AK"," YAKATAGA AP                   "
"1188","USW00026451 ","AK"," ANCHORAGE TED STEVENS INTL AP "
"1189","USW00026452 ","AK"," ELMENDORF 2 AFB               "
"1190","USW00026453 ","AK"," ANCHORAGE PARK STRIP          "
"1191","USW00026458 ","AK"," GERSTLE RIVER                 "
"1192","USW00026491 ","AK"," ANCHORAGE LK HOOD SEA PLANE BA"
"1193","USW00026492 ","AK"," PORTAGE GLACIER VISITOR CTR   "
"1194","USW00026494 ","AK"," FAIRBANKS 11 NE               "
"1195","USW00026501 ","AK"," GALENA AP                     "
"1196","USW00026502 ","AK"," KALTAG AP                     "
"1197","USW00026508 ","AK"," UMIAT                         "
"1198","USW00026509 ","AK"," GALENA AP                     "
"1199","USW00026510 ","AK"," MCGRATH AP                    "
"1200","USW00026513 ","AK"," SHUNGNAK CAA                  "
"1201","USW00026514 ","AK"," SKWENTNA                      "
"1202","USW00026516 ","AK"," ANIAK AP                      "
"1203","USW00026517 ","AK"," BETTLES CAA                   "
"1204","USW00026519 ","AK"," FAREWELL FAA AP               "
"1205","USW00026523 ","AK"," KENAI AP                      "
"1206","USW00026528 ","AK"," TALKEETNA AP                  "
"1207","USW00026529 ","AK"," TANANA AP                     "
"1208","USW00026533 ","AK"," BETTLES AP                    "
"1209","USW00026534 ","AK"," SPARREVOHN MTN AFS            "
"1210","USW00026535 ","AK"," INDIAN MTN AFS                "
"1211","USW00026536 ","AK"," TATALINA                      "
"1212","USW00026537 ","AK"," UMIAT AFS                     "
"1213","USW00026562 ","AK"," PORT ALSWORTH 1 SW            "
"1214","USW00026563 ","AK"," KENAI 29 ENE                  "
"1215","USW00026564 ","AK"," IVOTUK 1 NNE                  "
"1216","USW00026565 ","AK"," DEADHORSE 3 S                 "
"1217","USW00026615 ","AK"," BETHEL AP                     "
"1218","USW00026616 ","AK"," KOTZEBUE AP                   "
"1219","USW00026617 ","AK"," NOME AP                       "
"1220","USW00026618 ","AK"," WALES                         "
"1221","USW00026620 ","AK"," MOSES POINT FAA AP            "
"1222","USW00026627 ","AK"," UNALAKLEET FLD                "
"1223","USW00026628 ","AK"," GOLOVIN AP                    "
"1224","USW00026631 ","AK"," CAPE LISBURNE AFS             "
"1225","USW00026632 ","AK"," NORTHEAST CAPE                "
"1226","USW00026633 ","AK"," CAPE ROMANZOF AFS             "
"1227","USW00026634 ","AK"," TIN CITY                      "
"1228","USW00026635 ","AK"," MTN VILLAGE AP                "
"1229","USW00026642 ","AK"," KIVALINA AP                   "
"1230","USW00026643 ","AK"," DEERING AP                    "
"1231","USW00026644 ","AK"," ANVIK AP                      "
"1232","USW00026653 ","AK"," TOKSOOK BAY AP                "
"1233","USW00026655 ","AK"," RED DOG MINE 3 SSW            "
"1234","USW00026656 ","AK"," BETHEL 87 WNW                 "
"1235","USW00026703 ","AK"," GAMBELL                       "
"1236","USW00027401 ","AK"," BARTER ISLAND WSO AP          "
"1237","USW00027406 ","AK"," DEADHORSE                     "
"1238","USW00027502 ","AK"," BARROW AP                     "
"1239","USW00027503 ","AK"," WAINWRIGHT AP                 "
"1240","USW00027515 ","AK"," NUIQSUT AP                    "
"1241","USW00027516 ","AK"," UTQIAGVIK FORMERLY BARROW 4 E "
"1242","USW00045702 ","AK"," AMCHITKA ISLAND               "
"1243","USW00045708 ","AK"," SHEMYA ISLAND                 "
"1244","USW00045709 ","AK"," ATTU NS                       "
"1245","USW00045714 ","AK"," SHEMYA ISLAND                 "
"1246","USW00045715 ","AK"," SHEMYA USAF BASE              "
"1247","USW00053002 ","NM"," ARTESIA 2 WNW                 "
"1248","USW00053003 ","NM"," GRANTS 2 S                    "
"1249","USW00053004 ","UT"," BLUFF 32 NW                   "
"1250","USW00053005 ","CO"," BUENA VISTA 2 SSE             "
"1251","USW00053006 ","AZ"," AMADO 23 W                    "
"1252","USW00053007 ","CO"," COLORADO SPRINGS 23 NW        "
"1253","USW00053008 ","NM"," CLOVIS 7 N                    "
"1254","USW00053009 ","NM"," RAMAH 9 SE                    "
"1255","USW00053010 ","UT"," MONTICELLO 24 NW              "
"1256","USW00053011 ","AZ"," TSAILE 1 SSW                  "
"1257","USW00053012 ","UT"," BLANDING 26 SSW               "
"1258","USW00053013 ","UT"," CEDAR CITY 18 SSE             "
"1259","USW00053014 ","UT"," MEXICAN HAT 10 NW             "
"1260","USW00053015 ","NM"," HAGERMAN 10 ESE               "
"1261","USW00053016 ","NM"," VAUGHN 36 SSE                 "
"1262","USW00053017 ","NM"," AZTEC 43 E                    "
"1263","USW00053019 ","AZ"," WHITERIVER A 1 SW             "
"1264","USW00053022 ","NM"," ELIDA 14 SW                   "
"1265","USW00053023 ","UT"," SPANISH VALLEY 25 SW          "
"1266","USW00053024 ","NM"," LAS VEGAS 6 NE                "
"1267","USW00053025 ","NM"," HACHITA 7 ESE                 "
"1268","USW00053026 ","NM"," PINON 8 SSE                   "
"1269","USW00053119 ","CA"," HANFORD MUNI AP               "
"1270","USW00053120 ","CA"," RAMONA AP                     "
"1271","USW00053121 ","CA"," OCEANSIDE MUNI AP             "
"1272","USW00053123 ","NV"," LAS VEGAS AIR TERMINAL        "
"1273","USW00053127 ","NV"," LAS VEGAS HENDERSON AP        "
"1274","USW00053131 ","AZ"," TUCSON 11 W                   "
"1275","USW00053132 ","AZ"," ELGIN 5 S                     "
"1276","USW00053136 ","NV"," MERCURY 3 SSW                 "
"1277","USW00053138 ","NV"," BAKER 5 W                     "
"1278","USW00053139 ","CA"," STOVEPIPE WELLS 1 SW          "
"1279","USW00053144 ","CA"," EDWARDS AFB N AUX AIRFIELD    "
"1280","USW00053145 ","NV"," TONOPAH TEST RNG "
"1281","USW00053146 ","AZ"," FT HUACHUCA PIONEER AIRFIELD  "
"1282","USW00053149 ","UT"," TORREY 7 E                    "
"1283","USW00053150 ","CA"," YOSEMITE VILLAGE 12 W         "
"1284","USW00053151 ","CA"," FALLBROOK 5 NE                "
"1285","USW00053152 ","CA"," SANTA BARBARA 11 W            "
"1286","USW00053154 ","AZ"," YUMA 27 ENE                   "
"1287","USW00053155 ","AZ"," WILLIAMS 35 NNW               "
"1288","USW00053156 ","AZ"," PHOENIX 7 S                   "
"1289","USW00053159 ","AZ"," CAMERON 25 SSE                "
"1290","USW00053160 ","AZ"," CAMP VERDE 3 N                "
"1291","USW00053162 ","AZ"," COOLIDGE 5 W                  "
"1292","USW00053163 ","NM"," SOCORRO 17 WSW                "
"1293","USW00053164 ","AZ"," PAGE 9 WSW                    "
"1294","USW00053165 ","UT"," DELTA 4 NE                    "
"1295","USW00053166 ","UT"," ST. GEORGE 15 NE              "
"1296","USW00053167 ","UT"," MIDWAY 3 NE                   "
"1297","USW00053168 ","AZ"," AJO 29 S                      "
"1298","USW00053169 ","AZ"," KAYENTA 16 WSW                "
"1299","USW00053170 ","AZ"," HEBER 3 SE                    "
"1300","USW00053171 ","UT"," MILFORD 42 WNW                "
"1301","USW00053172 ","AZ"," LAKE HAVASU CITY 19 SE        "
"1302","USW00053173 ","NM"," NAGEEZI 18 SSW                "
"1303","USW00053174 ","UT"," PRICE 3 E                     "
"1304","USW00053175 ","CA"," CORONA MUNICIPAL AP           "
"1305","USW00053176 ","AZ"," GILA BEND 3 ENE               "
"1306","USW00053180 ","AZ"," KINGMAN 8 NE                  "
"1307","USW00053181 ","AZ"," SAFFORD 5 NNE                 "
"1308","USW00053182 ","OK"," GOODWELL 2 SE                 "
"1309","USW00053183 ","AZ"," FREDONIA 7 SSE                "
"1310","USW00053184 ","AZ"," MEADVIEW 7 N                  "
"1311","USW00053185 ","UT"," BEAVER 15 E                   "
"1312","USW00053802 ","IL"," MATTOON CHARLESTON COLES CO AP"
"1313","USW00053803 ","KY"," OWENSBORO DAVIESS CO RGNL AP  "
"1314","USW00053808 ","MS"," LAUREL HATTIESBURG RGNL AP    "
"1315","USW00053819 ","GA"," ATLANTA                       "
"1316","USW00053820 ","AL"," EVERGREEN MIDDLETON FLD       "
"1317","USW00053838 ","GA"," GAINESVILLE LEE GILMER MEM AP "
"1318","USW00053841 ","KY"," FRANKFORT CAPITAL CITY AP     "
"1319","USW00053842 ","IN"," INDIANAPOLIS EAGLE CREEK AP   "
"1320","USW00053843 ","AL"," ANDALUSIA OPP AP              "
"1321","USW00053844 ","OH"," LANCASTER FAIRFIELD CO AP     "
"1322","USW00053846 ","GA"," KINGS BAY NAVY BASE           "
"1323","USW00053847 ","FL"," WHITING FLD NAS S             "
"1324","USW00053848 ","FL"," CHOCTAW NAVAL OUTLYING FLD MIL"
"1325","USW00053849 ","MS"," MERIDAN JOE WILLIAMS NOLF     "
"1326","USW00053850 ","SC"," CLEMSON OCONEE CO AP          "
"1327","USW00053852 ","AL"," DECATUR PRYOR FLD             "
"1328","USW00053853 ","FL"," DESTIN FT WALTON BEACH AP     "
"1329","USW00053854 ","SC"," ORANGEBURG MUNI AP            "
"1330","USW00053855 ","OH"," HAMILTON BUTLER CO RGNL AP    "
"1331","USW00053858 ","MS"," PASCAGOULA LOTT INTL AP       "
"1332","USW00053859 ","OH"," DAYTON WRIGHT BROTHERS AP     "
"1333","USW00053860 ","FL"," JACKSONVILLE CRAIG MUNI AP    "
"1334","USW00053861 ","AL"," FT RUCKER LOWE ARMY HELIPORT  "
"1335","USW00053862 ","FL"," PERRY FOLEY AP                "
"1336","USW00053863 ","GA"," ATLANTA DEKALB PEACHTREE AP   "
"1337","USW00053864 ","AL"," ALABASTER SHELBY CO AP ASOS   "
"1338","USW00053865 ","LA"," SLIDELL AP                    "
"1339","USW00053866 ","IN"," SHELBYVILLE MUNI AP           "
"1340","USW00053867 ","SC"," COLUMBIA OWENS DWTN AP        "
"1341","USW00053868 ","TN"," OAK RIDGE ASOS                "
"1342","USW00053869 ","AR"," BLYTHEVILLE MUNI AP           "
"1343","USW00053870 ","NC"," GASTONIA MUNI AP              "
"1344","USW00053871 ","SC"," ROCK HILL YORK CO AP          "
"1345","USW00053872 ","NC"," MONROE AP                     "
"1346","USW00053873 ","GA"," CARTERSVILLE AP               "
"1347","USW00053874 ","SC"," GREENWOOD CO AP               "
"1348","USW00053875 ","TN"," CHATTANOOGA WB CITY           "
"1349","USW00053877 ","NC"," ASHEVILLE 8 SSW               "
"1350","USW00053878 ","NC"," ASHEVILLE 13 S                "
"1351","USW00053879 ","MO"," LEES SUMMIT MUNI AP           "
"1352","USW00053893 ","MS"," GOLDEN TRIANGLE               "
"1353","USW00053901 ","MO"," W PLAINS MUNI AP              "
"1354","USW00053902 ","TX"," CONROE MONTGOMERY CO AP       "
"1355","USW00053903 ","TX"," HUNTSVILLE MUNI AP            "
"1356","USW00053904 ","MO"," ST CHARLES CO AP              "
"1357","USW00053905 ","LA"," SHREVEPORT DWTN AP            "
"1358","USW00053907 ","TX"," ARLINGTON MUNI AP             "
"1359","USW00053908 ","OK"," TULSA RICHARD L JONES JR AP   "
"1360","USW00053909 ","TX"," FT WORTH ALLIANCE AP          "
"1361","USW00053910 ","TX"," HOUSTON HOOKS MEM AP          "
"1362","USW00053911 ","TX"," TERRELL MUNI AP               "
"1363","USW00053912 ","TX"," CORSICANA CAMPBELL FLD        "
"1364","USW00053913 ","OK"," GUTHRIE MUNI AP               "
"1365","USW00053914 ","TX"," MCKINNEY MUNI AP              "
"1366","USW00053915 ","LA"," NEW IBERIA AP - ACADIANA RGNL "
"1367","USW00053916 ","MO"," CHILLICOTHE AGRI-SCIENCE CTR  "
"1368","USW00053917 ","LA"," NEW ORLEANS LAKEFRONT AP      "
"1369","USW00053918 ","AR"," MTN HOME BAXTER CO RGNL AP    "
"1370","USW00053919 ","AR"," MONTICELLO MUNI AP            "
"1371","USW00053920 ","AR"," RUSSELLVILLE MUNI AP          "
"1372","USW00053921 ","AR"," MT IDA                        "
"1373","USW00053922 ","AR"," FAYETTEVILLE SPRINGDALE NW AR "
"1374","USW00053925 ","AR"," DE QUEEN SEVIER CO AP         "
"1375","USW00053926 ","OK"," STILLWATER 2 W                "
"1376","USW00053927 ","OK"," STILLWATER 5 WNW              "
"1377","USW00053928 ","TX"," BRENHAM MUNI AP               "
"1378","USW00053931 ","MO"," KAISER AP                     "
"1379","USW00053934 ","AR"," BATESVILLE RGNL AP            "
"1380","USW00053942 ","TX"," GEORGETOWN MUNI AP            "
"1381","USW00053948 ","TX"," NACOGDOCHES MANGHAM AP        "
"1382","USW00053952 ","TX"," WACO MCGREGOR EXEC AP         "
"1383","USW00053955 ","AR"," SILOAM SPRINGS AP             "
"1384","USW00053959 ","AR"," W MEMPHIS MUNI AP             "
"1385","USW00053960 ","LA"," LAFAYETTE 13 SE               "
"1386","USW00053961 ","LA"," MONROE 26 N                   "
"1387","USW00053964 ","TX"," DECATUR MUNI AP               "
"1388","USW00053965 ","TX"," GRAHAM MUNI AP                "
"1389","USW00053966 ","TX"," MID WAY RGNL AP               "
"1390","USW00053967 ","TX"," GRAYSON CO AP                 "
"1391","USW00053968 ","TX"," PALESTINE 6 WNW               "
"1392","USW00053970 ","TX"," MESQUITE METRO AP             "
"1393","USW00053972 ","TX"," HILLSBORO MUNI AP             "
"1394","USW00053973 ","TX"," HEARNE MUNI AP                "
"1395","USW00053974 ","KS"," MANHATTAN 6 SSW               "
"1396","USW00053975 ","TX"," LANCASTER AP                  "
"1397","USW00053976 ","TX"," BRIDGEPORT MUNI AP            "
"1398","USW00053977 ","TX"," GRANBURY MUNI AP              "
"1399","USW00053979 ","TX"," GIDDINGS LEE CO AP            "
"1400","USW00053981 ","TX"," CLEBURNE MUNI AP              "
"1401","USW00053983 ","TX"," LLANO MUNI AP                 "
"1402","USW00053984 ","TX"," GRAND PRAIRIE MUNI AP         "
"1403","USW00053985 ","AR"," SEARCY MUNI AP                "
"1404","USW00053988 ","LA"," FT POLK FULLERTON LNDG STRIP  "
"1405","USW00053989 ","KS"," FT RILEY MULTIPLE PURPOSE RNG "
"1406","USW00053996 ","AR"," MENA INTERMOUNTAIN AP         "
"1407","USW00053997 ","TX"," COMANCHE CO CITY AP           "
"1408","USW00054704 ","MA"," NORWOOD MEM AP                "
"1409","USW00054728 ","NH"," WHITEFIELD MT WASHINGTON RGNL "
"1410","USW00054733 ","MA"," BEVERLY MUNI AP               "
"1411","USW00054734 ","CT"," DANBURY MUNI AP               "
"1412","USW00054737 ","PA"," LANCASTER AP                  "
"1413","USW00054740 ","VT"," SPRINGFIELD HARTNESS STATE AP "
"1414","USW00054742 ","VT"," SAINT JOHNSBURY ASOS          "
"1415","USW00054743 ","NJ"," CALDWELL ESSEX CO AP          "
"1416","USW00054746 ","NY"," MONTICELLO SULLIVAN           "
"1417","USW00054756 ","MA"," ORANGE MUNI AP                "
"1418","USW00054757 ","NY"," WELLSVILLE MUNI AP            "
"1419","USW00054767 ","CT"," WILLIMANTIC WINDHAM AP        "
"1420","USW00054768 ","MA"," N ADAMS HARRIMAN AP           "
"1421","USW00054769 ","MA"," PLYMOUTH MUNI AP              "
"1422","USW00054770 ","NH"," JAFFREY MUNI AP SILVER RCH    "
"1423","USW00054771 ","VT"," MORRISVILLE STOWE STATE AP    "
"1424","USW00054772 ","ME"," FRYEBURG ESTRN SLOPES RGNL AP "
"1425","USW00054773 ","NY"," FULTON OSWEGO CO AP           "
"1426","USW00054777 ","MA"," TAUNTON MUNI AP               "
"1427","USW00054778 ","NY"," PENN YAN AP                   "
"1428","USW00054779 ","NJ"," AEROFLEX-ANDOVER AP           "
"1429","USW00054780 ","NY"," MONTAUK AP                    "
"1430","USW00054781 ","VT"," BENNINGTON MORSE STATE AP     "
"1431","USW00054782 ","PA"," HERITAGE FLD AP               "
"1432","USW00054785 ","NJ"," SOMERSET AP                   "
"1433","USW00054786 ","PA"," DOYLESTOWN AP                 "
"1434","USW00054787 ","NY"," FARMINGDALE REPUBLIC AP       "
"1435","USW00054788 ","CT"," MERIDEN MARKHAM MUNI AP       "
"1436","USW00054789 ","PA"," MT POCONO POCONO MOUNTAINS MUN"
"1437","USW00054790 ","NY"," SHIRLEY BROOKHAVEN AP         "
"1438","USW00054791 ","NH"," ROCHESTER SKYHAVEN AP         "
"1439","USW00054792 ","PA"," CLEARFIELD LAWRENCE AP        "
"1440","USW00054793 ","NJ"," SUSSEX AP                     "
"1441","USW00054794 ","NH"," DURHAM 2 N                    "
"1442","USW00054795 ","NH"," DURHAM 2 SSW                  "
"1443","USW00054796 ","RI"," KINGSTON 1 NW                 "
"1444","USW00054797 ","RI"," KINGSTON 1 W                  "
"1445","USW00054808 ","IL"," CHAMPAIGN 9 SW                "
"1446","USW00054810 ","MI"," CHATHAM 1 SE                  "
"1447","USW00054811 ","IL"," SHABBONA 5 NNE                "
"1448","USW00054813 ","MI"," MUNSING LAKESHORE             "
"1449","USW00054831 ","IL"," BLOOMINGTON NORMAL AP         "
"1450","USW00054851 ","OH"," COSHOCTON 8 NNE               "
"1451","USW00054854 ","MI"," GAYLORD 9 SSW                 "
"1452","USW00054856 ","OH"," WOOSTER 3 SSE                 "
"1453","USW00054902 ","IA"," DES MOINES 17 E               "
"1454","USW00054903 ","WI"," NECEDAH 5 WNW                 "
"1455","USW00054911 ","WI"," TAYLOR CO AP                  "
"1456","USW00054932 ","MN"," SANDSTONE 6 W                 "
"1457","USW00054933 ","SD"," ABERDEEN 35 WNW               "
"1458","USW00054936 ","MN"," ST CLOUD STATE CLG            "
"1459","USW00054937 ","ND"," JAMESTOWN 38 WSW              "
"1460","USW00056401 ","AK"," GLENNALLEN 64 N               "
"1461","USW00063803 ","GA"," LAWRENCEVILLE AP              "
"1462","USW00063813 ","GA"," MARIETTA COBB CO AP           "
"1463","USW00063826 ","SC"," BLACKVILLE 3 W                "
"1464","USW00063828 ","GA"," NEWTON 8 W                    "
"1465","USW00063829 ","GA"," NEWTON 11 SW                  "
"1466","USW00063831 ","MS"," NEWTON 5 ENE                  "
"1467","USW00063838 ","KY"," VERSAILLES 3 NNW              "
"1468","USW00063849 ","KY"," BOWLING GREEN 21 NNE          "
"1469","USW00063850 ","GA"," WATKINSVILLE 5 SSE            "
"1470","USW00063855 ","TN"," CROSSVILLE 7 NW               "
"1471","USW00063856 ","GA"," BRUNSWICK 23 S                "
"1472","USW00063857 ","AL"," GADSDEN 19 N                  "
"1473","USW00063858 ","AL"," SELMA 13 WNW                  "
"1474","USW00063862 ","AL"," VALLEY HEAD 1 SSW             "
"1475","USW00063866 ","AL"," GUNTERSVILLE 2 SW             "
"1476","USW00063867 ","AL"," CULLMAN 3 ENE                 "
"1477","USW00063868 ","AL"," COURTLAND 2 WSW               "
"1478","USW00063869 ","AL"," FAIRHOPE 3 NE                 "
"1479","USW00063870 ","AL"," FLORALA MUNI AP               "
"1480","USW00063871 ","FL"," BONIFAY TRI CO AP             "
"1481","USW00063872 ","AL"," EUFAULA WEEDON FLD AP         "
"1482","USW00063873 ","AL"," OZARK FT RUCKER               "
"1483","USW00063874 ","AL"," GREENVILLE MAC CRENSHAW MEM AP"
"1484","USW00063888 ","OH"," SPRINGFIELD BECKLEY AP        "
"1485","USW00063890 ","FL"," JACKSONVILLE WHITEHOUSE NAVAL "
"1486","USW00063891 ","AL"," CLANTON 2 NE                  "
"1487","USW00063892 ","AL"," GAINESVILLE 2 NE              "
"1488","USW00063893 ","AL"," GREENSBORO 2 WNW              "
"1489","USW00063894 ","AL"," MUSCLE SHOALS 2 N             "
"1490","USW00063895 ","AL"," RUSSELLVILLE 4 SSE            "
"1491","USW00063896 ","AL"," SCOTTSBORO 2 NE               "
"1492","USW00063897 ","AL"," SELMA 6 SSE                   "
"1493","USW00063898 ","IN"," BEDFORD 5 WNW                 "
"1494","USW00063899 ","AL"," BREWTON 3 NNE                 "
"1495","USW00063903 ","LA"," FT POLK - SELF STRIP          "
"1496","USW00063904 ","TX"," TAYLOR MUNI AP                "
"1497","USW00064705 ","PA"," BUTLER CO AP                  "
"1498","USW00064707 ","CT"," OXFORD WATERBURY              "
"1499","USW00064709 ","ME"," SANFORD RGNL AP               "
"1500","USW00064710 ","RI"," NORTH CENTRAL STATE AP        "
"1501","USW00064756 ","NY"," MILLBROOK 3 W                 "
"1502","USW00064758 ","NY"," ITHACA 13 E                   "
"1503","USW00064775 ","NY"," ROME GRIFFISS AIRFIELD        "
"1504","USW00064776 ","NY"," PLATTSBURGH INTL AP           "
"1505","USW00073801 ","AL"," NORTHPORT 2 S                 "
"1506","USW00073802 ","AL"," HIGHLAND HOME 2 S             "
"1507","USW00073803 ","AL"," TALLADEGA 10 NNE              "
"1508","USW00073805 ","FL"," NW FLORIDA BEACHES INTL AP    "
"1509","USW00074401 ","MO"," ST JOSEPH WBO                 "
"1510","USW00079762 ","MO"," SPRINGFIELD                   "
"1511","USW00092802 ","FL"," TAMPA BAY EXEC AP             "
"1512","USW00092805 ","FL"," POMPANO BEACH AIRPARK         "
"1513","USW00092806 ","FL"," ST PETERSBURG ALBERT WHITTED A"
"1514","USW00092809 ","FL"," HOLLYWOOD N PERRY AP          "
"1515","USW00092811 ","FL"," MIAMI BEACH                   "
"1516","USW00092814 ","FL"," ST AUGUSTINE AP               "
"1517","USW00092821 ","FL"," TITUSVILLE 7 E                "
"1518","USW00092826 ","FL"," EVERGLADES CITY 5 NE          "
"1519","USW00092827 ","FL"," SEBRING 23 SSE                "
"1520","USW00093002 ","CO"," DENVER WSO CITY               "
"1521","USW00093005 ","CO"," DURANGO LA PLATA CO AP        "
"1522","USW00093009 ","CO"," LEADVILLE LAKE CO AP          "
"1523","USW00093010 ","CO"," LIMON                         "
"1524","USW00093013 ","CO"," MONTROSE RGNL AP              "
"1525","USW00093026 ","AZ"," DOUGLAS (BISBEE) INTL AP      "
"1526","USW00093027 ","AZ"," ST JOHNS IND AIR PK           "
"1527","USW00093032 ","CO"," DENVER NAS                    "
"1528","USW00093033 ","NM"," CAVERN CITY AP                "
"1529","USW00093037 ","CO"," COLORADO SPRINGS MUNI AP      "
"1530","USW00093041 ","NM"," LAS CRUCES MUNI AP            "
"1531","USW00093042 ","TX"," DALHART FAA AP                "
"1532","USW00093044 ","NM"," ZUNI                          "
"1533","USW00093045 ","NM"," TRUTH OR CONSEQUENCES MUNI AP "
"1534","USW00093057 ","NM"," GRANTS MILAN MUNI AP          "
"1535","USW00093058 ","CO"," PUEBLO MEM AP                 "
"1536","USW00093063 ","NM"," SILVER CITY CO AP             "
"1537","USW00093065 ","CO"," COLORADO SPRINGS USAF ACADEMY "
"1538","USW00093067 ","CO"," DENVER CENTENNIAL AP          "
"1539","USW00093069 ","CO"," CORTEZ MONTEZUMA CO AP        "
"1540","USW00093073 ","CO"," ASPEN PITKIN CO AP SARDY FLD  "
"1541","USW00093075 ","UT"," MOAB CANYONLAND AP            "
"1542","USW00093084 ","AZ"," SAFFORD MUNI AP               "
"1543","USW00093097 ","NM"," ALAMOGORDO RGNL AP            "
"1544","USW00093101 ","CA"," EL TORO MCAS                  "
"1545","USW00093102 ","NV"," FALLON NAAS                   "
"1546","USW00093103 ","CA"," HOLTVILLE NAAS                "
"1547","USW00093104 ","CA"," CHINA LAKE NAF                "
"1548","USW00093105 ","AZ"," PHOENIX LITCHFIELD NAF        "
"1549","USW00093106 ","CA"," LOS ALAMITOS                  "
"1550","USW00093107 ","CA"," SAN DIEGO MIRAMAR NAS         "
"1551","USW00093108 ","CA"," MOJAVE MCAS                   "
"1552","USW00093110 ","CA"," OXNARD VENTURA CO AP          "
"1553","USW00093111 ","CA"," PT MUGU NF                    "
"1554","USW00093112 ","CA"," N IS NAS                      "
"1555","USW00093113 ","CA"," SAN PEDRO NAS                 "
"1556","USW00093114 ","CA"," TUSTIN MCAF                   "
"1557","USW00093115 ","CA"," IMPERIAL BEACH REAM FLD NAS   "
"1558","USW00093116 ","CA"," SAN NICOLAS IS                "
"1559","USW00093117 ","CA"," SAN CLEMENTE IS NAAS          "
"1560","USW00093118 ","CA"," SALTON SEA NAAF               "
"1561","USW00093120 ","CA"," THERMAL NAF                   "
"1562","USW00093121 ","CA"," TWENTYNINE PALMS MC           "
"1563","USW00093123 ","NV"," FALLON CAA AP                 "
"1564","USW00093124 ","CA"," SANTA BARBARA MCAS            "
"1565","USW00093129 ","UT"," CEDAR CITY AP                 "
"1566","USW00093134 ","CA"," LOS ANGELES DOWNTOWN/USC      "
"1567","USW00093138 ","CA"," PALM SPRINGS ASOS             "
"1568","USW00093139 ","AZ"," PAYSON                        "
"1569","USW00093140 ","AZ"," PHOENIX CITY                  "
"1570","USW00093141 ","UT"," PRICE CARBON CO AP            "
"1571","USW00093145 ","AZ"," YUMA WB CITY                  "
"1572","USW00093167 ","AZ"," KINGMAN AP                    "
"1573","USW00093184 ","CA"," SANTA ANA JOHN WAYNE AP       "
"1574","USW00093193 ","CA"," FRESNO YOSEMITE INTL          "
"1575","USW00093197 ","CA"," SANTA MONICA MUNI AP          "
"1576","USW00093198 ","UT"," ST GEORGE CAA AP              "
"1577","USW00093205 ","CA"," MARYSVILLE AP (ASOS)          "
"1578","USW00093206 ","CA"," SAN LUIS OBISPO MCCHESNEY FLD "
"1579","USW00093209 ","CA"," PASO ROBLES MUNI AP           "
"1580","USW00093210 ","CA"," OROVILLE MUNI AP              "
"1581","USW00093211 ","CA"," OAKLAND NAS                   "
"1582","USW00093214 ","CA"," VANDENBERG AFB                "
"1583","USW00093215 ","CA"," VANDENBERG AFB                "
"1584","USW00093216 ","CA"," BEALE AFB                     "
"1585","USW00093217 ","CA"," FT ORD                        "
"1586","USW00093218 ","CA"," JOLON FT HUNTER LIGGETT       "
"1587","USW00093219 ","CA"," VANDENBERG AFB BOATHOUSE SITE "
"1588","USW00093221 ","CA"," VANDENBERG AFB SUDDEN RCH     "
"1589","USW00093225 ","CA"," SACRAMENTO METRO AP           "
"1590","USW00093226 ","CA"," SAN SIMEON PT PIEDRAS BLANCAS "
"1591","USW00093227 ","CA"," NAPA CO AP                    "
"1592","USW00093228 ","CA"," HAYWARD AIR TERMINAL          "
"1593","USW00093230 ","CA"," S LAKE TAHOE AP               "
"1594","USW00093241 ","CA"," VACAVILLE/NUT TREE AP ASOS    "
"1595","USW00093242 ","CA"," MADERA MUNI AP                "
"1596","USW00093243 ","CA"," MERCED 23 WSW                 "
"1597","USW00093245 ","CA"," BODEGA 6 WSW                  "
"1598","USW00093706 ","MD"," HAGERSTOWN RGNL AP            "
"1599","USW00093718 ","SC"," N MYRTLE BEACH                "
"1600","USW00093719 ","NC"," NEW BERN - ASOS               "
"1601","USW00093720 ","MD"," SALISBURY-WICOMICO RGNL AP    "
"1602","USW00093721 ","MD"," BALTIMORE-WASHINGTON INTL AP  "
"1603","USW00093725 ","DC"," WASHINGTON                    "
"1604","USW00093726 ","NC"," KINSTON STALLINGS FLD         "
"1605","USW00093727 ","NC"," NEW RVR MCAF                  "
"1606","USW00093728 ","VA"," DAVISON AAF                   "
"1607","USW00093729 ","NC"," CAPE HATTERAS - BILLY MITCHELL"
"1608","USW00093730 ","NJ"," ATLANTIC CITY INTL AP         "
"1609","USW00093731 ","VA"," NORFOLK FLEET WF NAS          "
"1610","USW00093732 ","NY"," NEW YORK SHOALS AFS           "
"1611","USW00093733 ","MD"," FT MEADE TPTN AAF             "
"1612","USW00093734 ","VA"," WASHINGTON DULLES WB A        "
"1613","USW00093735 ","VA"," FT EUSTIS FELKER AAF          "
"1614","USW00093736 ","VA"," CHARLOTTESVILLE ALBEMARLE AP  "
"1615","USW00093737 ","NC"," FT BRAGG SIMMONS AAF          "
"1616","USW00093738 ","VA"," WASHINGTON DULLES INTL AP     "
"1617","USW00093739 ","VA"," WALLOPS IS NASA TEST FACILITY "
"1618","USW00093740 ","NC"," FAYETTEVILLE RGNL AP GRANNIS F"
"1619","USW00093741 ","VA"," NEWPORT NEWS INTL AP          "
"1620","USW00093743 ","NC"," SWANSBORO BOGUE FLD MCAF      "
"1621","USW00093759 ","NC"," ROCKY MT WILSON AP            "
"1622","USW00093762 ","PA"," FOUNTAIN DALE SITE R HELIPAD  "
"1623","USW00093765 ","NC"," BEAUFORT - ASOS               "
"1624","USW00093773 ","VA"," NORFOLK RICH                  "
"1625","USW00093775 ","VA"," ASHLAND HANOVER CO MUNI AP    "
"1626","USW00093776 ","NC"," CHERRY POINT MCAS ASOS 2      "
"1627","USW00093778 ","PA"," YORK AP                       "
"1628","USW00093780 ","NJ"," S JERSEY RGNL AP              "
"1629","USW00093781 ","NC"," ROANOKE RAPIDS HALIFAX CO AP  "
"1630","USW00093782 ","NC"," LAURINBURG MAXTON AP          "
"1631","USW00093783 ","NC"," BURLINGTON ALAMANCE RGNL AP   "
"1632","USW00093784 ","MD"," MARYLAND SCI CTR              "
"1633","USW00093785 ","NC"," CHAPEL HILL WILLIAMS AP       "
"1634","USW00093786 ","MD"," OCEAN CITY MUNI AP            "
"1635","USW00093801 ","GA"," ROME R B RUSSELL AP           "
"1636","USW00093803 ","TN"," SMITHVILLE CAA AP             "
"1637","USW00093804 ","SC"," SPARTANBURG WB AP             "
"1638","USW00093805 ","FL"," TALLAHASSEE                   "
"1639","USW00093806 ","AL"," TUSCALOOSA AP ASOS            "
"1640","USW00093807 ","NC"," WINSTON SALEM REYNOLDS AP     "
"1641","USW00093808 ","KY"," BOWLING GREEN WARREN CO AP    "
"1642","USW00093809 ","IL"," CAIRO 3N                      "
"1643","USW00093810 ","IL"," CARBONDALE STHRN ILLINOIS AP  "
"1644","USW00093812 ","OH"," CINCINNATI MUNI AP LUNKEN FLD "
"1645","USW00093814 ","KY"," CINCINNATI/NORTHERN KENTUCKY I"
"1646","USW00093815 ","OH"," DAYTON INTL AP                "
"1647","USW00093817 ","IN"," EVANSVILLE RGNL AP            "
"1648","USW00093818 ","OH"," CHESAPEAKE HUNTINGTON         "
"1649","USW00093819 ","IN"," INDIANAPOLIS                  "
"1650","USW00093820 ","KY"," LEXINGTON BLUEGRASS AP        "
"1651","USW00093821 ","KY"," LOUISVILLE INTL AP            "
"1652","USW00093822 ","IL"," SPRINGFIELD ABRAHAM LINCOLN CA"
"1653","USW00093823 ","IN"," TERRE HAUTE CAA AP            "
"1654","USW00093824 ","OH"," ZANESVILLE MUNI AP            "
"1655","USW00093825 ","MO"," ADVANCE 1 S                   "
"1656","USW00093826 ","AL"," BARIN FLD NAAS                "
"1657","USW00093827 ","FL"," PENSACOLA BRONSON FLD NAAS    "
"1658","USW00093828 ","FL"," PENSACOLA CORRY FLD NAAS      "
"1659","USW00093830 ","GA"," ATLANTA NAS                   "
"1660","USW00093831 ","SC"," BEAUFORT MCAS                 "
"1661","USW00093832 ","FL"," JACKSONVILLE CECIL FLD NAS    "
"1662","USW00093833 ","SC"," COLUMBIA CONGAREE MCAF        "
"1663","USW00093834 ","OH"," COLUMBUS NAS                  "
"1664","USW00093835 ","GA"," GAINESVILLE NAF               "
"1665","USW00093836 ","GA"," BRUNSWICK GLYNN CO AP         "
"1666","USW00093837 ","FL"," JACKSONVILLE NAS              "
"1667","USW00093838 ","FL"," LAKE CITY NAS                 "
"1668","USW00093839 ","TN"," MEMPHIS                       "
"1669","USW00093840 ","GA"," ST SIMONS ISLAND NAS          "
"1670","USW00093841 ","FL"," WHITING FLD NAS               "
"1671","USW00093842 ","GA"," COLUMBUS METRO AP             "
"1672","USW00093843 ","AL"," DOTHAN FAA AP                 "
"1673","USW00093844 ","SC"," PARRIS ISLAND                 "
"1674","USW00093845 ","GA"," VALDOSTA RGNL AP              "
"1675","USW00093846 ","SC"," ANDERSON FAA AP               "
"1676","USW00093852 ","FL"," JACKSONVILLE WB CITY          "
"1677","USW00093859 ","FL"," PENSACOLA WB CITY             "
"1678","USW00093861 ","GA"," THOMASVILLE WB CITY           "
"1679","USW00093862 ","MS"," TUPELO RGNL AP                "
"1680","USW00093874 ","MS"," GULFPORT - BILOXI AP          "
"1681","USW00093890 ","OH"," CINCINNATI ABBE WSMO          "
"1682","USW00093891 ","OH"," COLUMBUS WSO CITY             "
"1683","USW00093901 ","TX"," DALLAS HENSLEY FLD NAS        "
"1684","USW00093903 ","TX"," FT WORTH EAGLE MT LK          "
"1685","USW00093904 ","TX"," FT WORTH MEACHAM FLD NAAF     "
"1686","USW00093905 ","KS"," HUTCHINSON NAS                "
"1687","USW00093906 ","LA"," NEW ORLEANS NAS               "
"1688","USW00093907 ","AR"," NEWPORT MCAF                  "
"1689","USW00093908 ","OK"," NORMAN NAS                    "
"1690","USW00093909 ","KS"," OLATHE JOHNSON CO IND AP      "
"1691","USW00093910 ","MO"," ST LOUIS LAMBERT              "
"1692","USW00093914 ","TX"," PALESTINE 2 NE                "
"1693","USW00093915 ","LA"," ALEXANDRIA INTL AP            "
"1694","USW00093916 ","TN"," MEMPHIS PO BLDG               "
"1695","USW00093917 ","MS"," VICKSBURG                     "
"1696","USW00093919 ","MS"," MCCOMB AP                     "
"1697","USW00093928 ","TX"," DALLAS WBO                    "
"1698","USW00093929 ","TX"," GAINESVILLE MUNI AP           "
"1699","USW00093937 ","TX"," SULPHUR SPRINGS MUNI AP       "
"1700","USW00093947 ","TX"," FREDERICKSBURG GILLESPIE CO AP"
"1701","USW00093950 ","OK"," MCALESTER RGNL AP             "
"1702","USW00093953 ","OK"," MUSKOGEE DAVIS FLD            "
"1703","USW00093955 ","TX"," PARIS                         "
"1704","USW00093958 ","MO"," COLUMBIA WB CITY              "
"1705","USW00093963 ","MO"," ST LOUIS EADS BRG             "
"1706","USW00093967 ","KS"," COFFEYVILLE MUNI AP           "
"1707","USW00093972 ","MO"," KANSAS CITY                   "
"1708","USW00093981 ","MO"," SPRINGFIELD WBO               "
"1709","USW00093983 ","TX"," PALESTINE MUNI AP             "
"1710","USW00093984 ","TX"," TEMPLE DRAUGHTON MIL          "
"1711","USW00093985 ","TX"," MINERAL WELLS AP              "
"1712","USW00093986 ","OK"," HOBART MUNI AP                "
"1713","USW00093987 ","TX"," LUFKIN ANGELINA CO AP         "
"1714","USW00093988 ","AR"," PINE BLUFF GRIDER FLD         "
"1715","USW00093989 ","IL"," QUINCY RGNL AP                "
"1716","USW00093990 ","KS"," HILL CITY MUNI AP             "
"1717","USW00093991 ","AR"," WALNUT RIDGE MUNI AP          "
"1718","USW00093992 ","AR"," EL DORADO GOODWIN FLD         "
"1719","USW00093993 ","AR"," FAYETTEVILLE DRAKE FLD        "
"1720","USW00093994 ","MO"," HANNIBAL                      "
"1721","USW00093995 ","MO"," BUTLER                        "
"1722","USW00093996 ","MO"," FARMINGTON FAA AP             "
"1723","USW00093997 ","KS"," RUSSELL MUNI AP               "
"1724","USW00093999 ","MS"," VICKSBURG CAA AP 2            "
"1725","USW00094008 ","MT"," GLASGOW                       "
"1726","USW00094010 ","MT"," ST MARIE                      "
"1727","USW00094011 ","ND"," MINOT AFB                     "
"1728","USW00094012 ","MT"," HAVRE AP ASOS                 "
"1729","USW00094014 ","ND"," WILLISTON SLOULIN FLD         "
"1730","USW00094015 ","CO"," FT CARSON                     "
"1731","USW00094017 ","MT"," WOLF PT INTL AP               "
"1732","USW00094023 ","WY"," GILLETTE CAMPBELL CO AP       "
"1733","USW00094025 ","CO"," HAYDEN YAMPA VALLEY AP        "
"1734","USW00094028 ","MT"," SIDNEY RICHLAND MUNI AP       "
"1735","USW00094030 ","UT"," VERNAL MUNI AP                "
"1736","USW00094032 ","SD"," CUSTER CO AP                  "
"1737","USW00094035 ","CO"," FT COLLINS LOVELAND AP        "
"1738","USW00094037 ","SD"," BUFFALO (ASOS)                "
"1739","USW00094038 ","ND"," HETTINGER MUNI AP             "
"1740","USW00094039 ","SD"," PINE RIDGE AP                 "
"1741","USW00094040 ","NE"," MCCOOK MUNI AP                "
"1742","USW00094041 ","ND"," GARRISON                      "
"1743","USW00094050 ","CO"," MEEKER AP                     "
"1744","USW00094051 ","MT"," JORDAN AP                     "
"1745","USW00094052 ","SD"," MOBRIDGE MUNI AP              "
"1746","USW00094053 ","WY"," TORRINGTON MUNI AP            "
"1747","USW00094054 ","WY"," BUFFALO JOHNSON CO AP         "
"1748","USW00094055 ","MT"," BAKER MUNI AP                 "
"1749","USW00094056 ","SD"," FAITH MUNI AP                 "
"1750","USW00094057 ","WY"," CONVERSE CO AP ASOS           "
"1751","USW00094059 ","MT"," WOLF POINT 34 NE              "
"1752","USW00094060 ","MT"," WOLF POINT 29 ENE             "
"1753","USW00094074 ","CO"," NUNN 7 NNE                    "
"1754","USW00094075 ","CO"," BOULDER 14 W                  "
"1755","USW00094076 ","CO"," KREMMLING MCELROY AIRFLD      "
"1756","USW00094077 ","NE"," HARRISON 20 SSE               "
"1757","USW00094078 ","WY"," LANDER 11 SSE                 "
"1758","USW00094079 ","NE"," WHITMAN 5 ENE                 "
"1759","USW00094080 ","ND"," MEDORA 7 E                    "
"1760","USW00094081 ","SD"," BUFFALO 13 ESE                "
"1761","USW00094082 ","CO"," DINOSAUR 2 E                  "
"1762","USW00094084 ","ND"," NORTHGATE 5 ESE               "
"1763","USW00094085 ","SD"," PIERRE 24 S                   "
"1764","USW00094088 ","WY"," SUNDANCE 8 NNW                "
"1765","USW00094092 ","CO"," AKRON A 4 E                   "
"1766","USW00094094 ","CO"," MEEKER 15 W                   "
"1767","USW00094096 ","UT"," VERNAL 23 SSE                 "
"1768","USW00094097 ","UT"," GRANTSVILLE 12 WNW            "
"1769","USW00094098 ","UT"," MANILA 18 ESE                 "
"1770","USW00094103 ","WA"," WALLA WALLA WSO CITY          "
"1771","USW00094104 ","MT"," HELENA WB CITY                "
"1772","USW00094107 ","OR"," ROME STATE AP                 "
"1773","USW00094119 ","WA"," DEER PARK AP                  "
"1774","USW00094128 ","UT"," LOGAN CACHE AP                "
"1775","USW00094129 ","WA"," PULLMAN MOSCOW RGNL AP        "
"1776","USW00094138 ","UT"," TOOELE TARGET                 "
"1777","USW00094143 ","ID"," IDAHO FALLS 46 W              "
"1778","USW00094144 ","ID"," IDAHO FALLS 43 NW WB          "
"1779","USW00094150 ","ID"," MULLAN PASS                   "
"1780","USW00094173 ","WY"," YELLOWSTONE LAKE              "
"1781","USW00094176 ","WA"," SPOKANE FELTS FLD             "
"1782","USW00094178 ","ID"," TWIN FALLS SUN VALLEY RGNL AP "
"1783","USW00094182 ","ID"," MCCALL AP                     "
"1784","USW00094185 ","OR"," BURNS MUNI AP                 "
"1785","USW00094194 ","ID"," REXBURG MADISON CO AP         "
"1786","USW00094197 ","WA"," OMAK                          "
"1787","USW00094224 ","OR"," ASTORIA AP (PORT OF)          "
"1788","USW00094225 ","WA"," HOQUIAM BOWERMAN AP           "
"1789","USW00094227 ","WA"," SHELTON AP                    "
"1790","USW00094236 ","OR"," KLAMATH FALLS INTL AP         "
"1791","USW00094239 ","WA"," WENATCHEE PANGBORN MEM AP     "
"1792","USW00094240 ","WA"," QUILLAYUTE AP                 "
"1793","USW00094248 ","WA"," RENTON MUNI AP                "
"1794","USW00094261 ","OR"," PORTLAND-HILLSBORO AP         "
"1795","USW00094263 ","WA"," BREMERTON                     "
"1796","USW00094266 ","WA"," PORT ANGELES FAIRCHILD INTL AP"
"1797","USW00094273 ","OR"," MCMINNVILLE MUNI AP           "
"1798","USW00094274 ","WA"," TACOMA NARROWS AP             "
"1799","USW00094276 ","WA"," FRIDAY HARBOR AP              "
"1800","USW00094281 ","OR"," AURORA STATE AP               "
"1801","USW00094285 ","OR"," LAKEVIEW LAKE CO AP           "
"1802","USW00094290 ","WA"," SEATTLE SAND PT WFO           "
"1803","USW00094297 ","WA"," COUPEVILLE NOLF               "
"1804","USW00094298 ","WA"," VANCOUVER PEARSON AP          "
"1805","USW00094299 ","CA"," ALTURAS MUNI AP               "
"1806","USW00094623 ","ME"," WISCASSET AP                  "
"1807","USW00094624 ","MA"," CHATHAM MUNI AP               "
"1808","USW00094626 ","ME"," GREENVILLE MAINE FORESTRY SVC "
"1809","USW00094644 ","ME"," OLD TOWN 2 W                  "
"1810","USW00094645 ","ME"," LIMESTONE 4 NNW               "
"1811","USW00094700 ","NH"," BERLIN MUNI AP                "
"1812","USW00094701 ","MA"," BOSTON CITY WSO               "
"1813","USW00094702 ","CT"," IGOR I SIKORSKY MEM AP        "
"1814","USW00094704 ","NY"," DANSVILLE MUNI AP             "
"1815","USW00094705 ","VT"," MONTPELIER AP                 "
"1816","USW00094720 ","MA"," HYANNIS BARNSTABLE MUNI AP    "
"1817","USW00094723 ","MA"," LAWRENCE MUNI AP              "
"1818","USW00094724 ","MA"," VINEYARD HAVEN MARTHAS VINEYAR"
"1819","USW00094725 ","NY"," MASSENA INTL AP               "
"1820","USW00094726 ","MA"," NEW BEDFORD MUNI AP           "
"1821","USW00094728 ","NY"," NY CITY CNTRL PARK            "
"1822","USW00094732 ","PA"," NE PHILA AP                   "
"1823","USW00094733 ","NY"," PLATTSBURGH CLINTON CO AP     "
"1824","USW00094737 ","VT"," RUTLAND STATE AP              "
"1825","USW00094740 ","NY"," SARANAC LK ADIRONDACK RGNL AP "
"1826","USW00094741 ","NJ"," TETERBORO AP                  "
"1827","USW00094745 ","NY"," WESTCHESTER CO AP             "
"1828","USW00094746 ","MA"," WORCESTER                     "
"1829","USW00094765 ","NH"," LEBANON MUNI AP               "
"1830","USW00094789 ","NY"," JFK INTL AP                   "
"1831","USW00094790 ","NY"," WATERTOWN AP                  "
"1832","USW00094793 ","RI"," BLOCK ISLAND STATE AP         "
"1833","USW00094794 ","NY"," UTICA ONEIDA CO AP            "
"1834","USW00094811 ","WI"," MADISON TRUAX                 "
"1835","USW00094814 ","MI"," HOUGHTON LAKE ROSCOMMON CO AP "
"1836","USW00094815 ","MI"," KALAMAZOO BATTLE CREEK INTL AP"
"1837","USW00094817 ","MI"," PONTIAC OAKLAND CO INTL AP    "
"1838","USW00094818 ","WI"," RACINE BATTEN AP              "
"1839","USW00094822 ","IL"," ROCKFORD GTR ROCKFORD AP      "
"1840","USW00094823 ","PA"," PITTSBURGH ASOS               "
"1841","USW00094824 ","MI"," KINROSS AFB                   "
"1842","USW00094830 ","OH"," TOLEDO EXPRESS AP             "
"1843","USW00094833 ","IN"," PERU GRISSOM AFB              "
"1844","USW00094836 ","MI"," GWINN K I SAWYER AFB          "
"1845","USW00094846 ","IL"," CHICAGO OHARE INTL AP         "
"1846","USW00094847 ","MI"," DETROIT METRO AP              "
"1847","USW00094849 ","MI"," ALPENA CO RGNL AP             "
"1848","USW00094850 ","MI"," MARQUETTE                     "
"1849","USW00094853 ","MI"," ESCANABA DELTA CO AP          "
"1850","USW00094855 ","WI"," OSHKOSH WITTMAN RGNL AP       "
"1851","USW00094860 ","MI"," GRAND RAPIDS                  "
"1852","USW00094868 ","PA"," FRANKLIN                      "
"1853","USW00094870 ","IL"," CHAMPAIGN URBANA WILLARD AP   "
"1854","USW00094871 ","MI"," BENTON HARBOR                 "
"1855","USW00094889 ","MI"," ANN ARBOR MUNI AP             "
"1856","USW00094892 ","IL"," CHICAGO W CHICAGO DUPAGE AP   "
"1857","USW00094893 ","MI"," IRON MTN FORD AP              "
"1858","USW00094895 ","IN"," MUNCIE DELAWARE CO AP         "
"1859","USW00094897 ","WI"," MANITOWOC                     "
"1860","USW00094898 ","MI"," PORT HOPE                     "
"1861","USW00094899 ","MI"," COPPER HARBOR                 "
"1862","USW00094902 ","SD"," BROOKINGS                     "
"1863","USW00094908 ","IA"," DUBUQUE RGNL AP               "
"1864","USW00094909 ","MN"," DULUTH WILIAMSON JOH          "
"1865","USW00094910 ","IA"," WATERLOO MUNI AP              "
"1866","USW00094911 ","SD"," YANKTON 2 E                   "
"1867","USW00094918 ","NE"," OMAHA "
"1868","USW00094925 ","ND"," GRAND FORKS AF                "
"1869","USW00094929 ","WI"," ASHLAND KENNEDY MEM AP        "
"1870","USW00094930 ","WI"," VOLK FLD ANG                  "
"1871","USW00094931 ","MN"," HIBBING CHISHOLM HIBBING AP   "
"1872","USW00094933 ","IA"," FT DODGE OZARK AIRLINES       "
"1873","USW00094938 ","MN"," BRAINERD CROW WING CO AP      "
"1874","USW00094940 ","WI"," SPARTA FT MCCOY               "
"1875","USW00094943 ","SD"," CHAMBERLAIN MUNI AP           "
"1876","USW00094946 ","NE"," BROKEN BOW MUNI AP            "
"1877","USW00094948 ","MN"," FAIRMONT MUNI AP              "
"1878","USW00094949 ","NE"," HASTINGS MUNI AP              "
"1879","USW00094950 ","SD"," MITCHELL AP                   "
"1880","USW00094951 ","NE"," COLUMBUS                      "
"1881","USW00094957 ","NE"," FALLS CITY BRENNER FLD        "
"1882","USW00094958 ","NE"," ORD EVELYN SHARP FLD          "
"1883","USW00094960 ","MN"," MINNEAPOLIS CRYSTAL AP        "
"1884","USW00094961 ","MN"," BAUDETTE INTL AP              "
"1885","USW00094963 ","MN"," MINNEAPOLIS FLYING CLOUD AP   "
"1886","USW00094967 ","MN"," PARK RAPIDS MUNI AP           "
"1887","USW00094971 ","IA"," ESTHERVILLE MUNI AP           "
"1888","USW00094973 ","WI"," HAYWARD MUNI AP               "
"1889","USW00094976 ","MN"," MARSHALL RYAN FLD             "
"1890","USW00094978 ","NE"," TEKAMAH MUNI AP               "
"1891","USW00094982 ","IA"," DAVENPORT                     "
"1892","USW00094985 ","WI"," MARSHFIELD MUNI AP            "
"1893","USW00094988 ","IA"," MARSHALLTOWN MUNI AP          "
"1894","USW00094989 ","IA"," AMES MUNI AP                  "
"1895","USW00094990 ","SD"," WINNER WILEY FLD              "
"1896","USW00094991 ","IA"," LAMONI MUNI AP                "
"1897","USW00094992 ","MN"," GRAND MARAIS                  "
"1898","USW00094993 ","SD"," SISSETON MUNI AP              "
"1899","USW00094994 ","WI"," BOSCOBEL AP                   "
"1900","USW00094995 ","NE"," LINCOLN 8 ENE                 "
"1901","USW00094996 ","NE"," LINCOLN 11 SW                 "
"1902","USW00096404 ","AK"," TOK 70 SE                     "
"1903","USW00096405 ","AK"," CORDOVA 14 ESE                "
"1904","USW00096406 ","AK"," RUBY 44 ESE                   "
"1905","USW00096407 ","AK"," SELAWIK 28 E                  "
"1906","USW00096408 ","AK"," DENALI 27 N                   "
"1907","USW00096409 ","AK"," TOOLIK LAKE 5 ENE             "
