,dishes_count,vegan_dishes_count,vegetarian_dishes_count,mpbamod_dishes_count,lamb_dishes_count,chunked_beef_or_pork_dishes_count,pulled_pork_dishes_count,beef_or_pork_burger_dishes_count,ground_meat_dishes_count,meatballs_dishes_count,sausage_dishes_count,bacon_dishes_count,breakfast_sausage_patty_dishes_count,unfried_chicken_dishes_count,fried_chicken_dishes_count,savory_dairy_dishes_count,sweet_dairy_dishes_count,egg_dishes_count
2019-06-01 00:00:00-04:00,1,0,1,0,0,0,0,0,0,0,0,0,0.0,0,0,0,1,1
2019-06-02 00:00:00-04:00,1,0,1,0,0,0,0,0,0,0,0,0,0.0,0,0,0,1,1
2019-06-03 00:00:00-04:00,1,0,1,0,0,0,0,0,0,0,0,0,0.0,0,0,0,1,1
2019-06-04 00:00:00-04:00,1,0,1,0,0,0,0,0,0,0,0,0,0.0,0,0,0,1,1
2019-06-05 00:00:00-04:00,1,0,1,0,0,0,0,0,0,0,0,0,0.0,0,0,0,1,1
2019-06-06 00:00:00-04:00,1,0,1,0,0,0,0,0,0,0,0,0,0.0,0,0,0,1,1
2019-06-07 00:00:00-04:00,1,0,1,0,0,0,0,0,0,0,0,0,0.0,0,0,0,1,1
2019-06-08 00:00:00-04:00,1,0,1,0,0,0,0,0,0,0,0,0,0.0,0,0,0,1,1
2019-06-09 00:00:00-04:00,1,0,1,0,0,0,0,0,0,0,0,0,0.0,0,0,0,1,1
2019-06-10 00:00:00-04:00,1,0,1,0,0,0,0,0,0,0,0,0,0.0,0,0,0,1,1
2019-06-11 00:00:00-04:00,1,0,1,0,0,0,0,0,0,0,0,0,0.0,0,0,0,1,1
2019-06-12 00:00:00-04:00,1,0,1,0,0,0,0,0,0,0,0,0,0.0,0,0,0,1,1
2019-06-13 00:00:00-04:00,1,0,1,0,0,0,0,0,0,0,0,0,0.0,0,0,0,1,1
2019-06-14 00:00:00-04:00,1,0,1,0,0,0,0,0,0,0,0,0,0.0,0,0,0,1,1
2019-06-15 00:00:00-04:00,1,0,1,0,0,0,0,0,0,0,0,0,0.0,0,0,0,1,1
2019-06-16 00:00:00-04:00,1,0,1,0,0,0,0,0,0,0,0,0,0.0,0,0,0,1,1
2019-06-17 00:00:00-04:00,1,0,1,0,0,0,0,0,0,0,0,0,0.0,0,0,0,1,1
2019-06-18 00:00:00-04:00,1,0,1,0,0,0,0,0,0,0,0,0,0.0,0,0,0,1,1
2019-06-19 00:00:00-04:00,1,0,1,0,0,0,0,0,0,0,0,0,0.0,0,0,0,1,1
2019-06-20 00:00:00-04:00,1,0,1,0,0,0,0,0,0,0,0,0,0.0,0,0,0,1,1
2019-06-21 00:00:00-04:00,1,0,1,0,0,0,0,0,0,0,0,0,0.0,0,0,0,1,1
2019-06-22 00:00:00-04:00,1,0,1,0,0,0,0,0,0,0,0,0,0.0,0,0,0,1,1
2019-06-23 00:00:00-04:00,1,0,1,0,0,0,0,0,0,0,0,0,0.0,0,0,0,1,1
2019-06-24 00:00:00-04:00,1,0,1,0,0,0,0,0,0,0,0,0,0.0,0,0,0,1,1
2019-06-25 00:00:00-04:00,1,0,1,0,0,0,0,0,0,0,0,0,0.0,0,0,0,1,1
2019-06-26 00:00:00-04:00,1,0,1,0,0,0,0,0,0,0,0,0,0.0,0,0,0,1,1
2019-06-27 00:00:00-04:00,1,0,1,0,0,0,0,0,0,0,0,0,0.0,0,0,0,1,1
2019-06-28 00:00:00-04:00,1,0,1,0,0,0,0,0,0,0,0,0,0.0,0,0,0,1,1
2019-06-29 00:00:00-04:00,1,0,1,0,0,0,0,0,0,0,0,0,0.0,0,0,0,1,1
2019-06-30 00:00:00-04:00,1,0,1,0,0,0,0,0,0,0,0,0,0.0,0,0,0,1,1
2019-07-01 00:00:00-04:00,1,0,1,0,0,0,0,0,0,0,0,0,0.0,0,0,0,1,1
2019-07-02 00:00:00-04:00,1,0,1,0,0,0,0,0,0,0,0,0,0.0,0,0,0,1,1
2019-07-03 00:00:00-04:00,1,0,1,0,0,0,0,0,0,0,0,0,0.0,0,0,0,1,1
2019-07-04 00:00:00-04:00,1,0,1,0,0,0,0,0,0,0,0,0,0.0,0,0,0,1,1
2019-07-05 00:00:00-04:00,1,0,1,0,0,0,0,0,0,0,0,0,0.0,0,0,0,1,1
2019-07-06 00:00:00-04:00,1,0,1,0,0,0,0,0,0,0,0,0,0.0,0,0,0,1,1
2019-07-07 00:00:00-04:00,1,0,1,0,0,0,0,0,0,0,0,0,0.0,0,0,0,1,1
2019-07-08 00:00:00-04:00,1,0,1,0,0,0,0,0,0,0,0,0,0.0,0,0,0,1,1
2019-07-09 00:00:00-04:00,1,0,1,0,0,0,0,0,0,0,0,0,0.0,0,0,0,1,1
2019-07-10 00:00:00-04:00,1,0,1,0,0,0,0,0,0,0,0,0,0.0,0,0,0,1,1
2019-07-11 00:00:00-04:00,1,0,1,0,0,0,0,0,0,0,0,0,0.0,0,0,0,1,1
2019-07-12 00:00:00-04:00,1,0,1,0,0,0,0,0,0,0,0,0,0.0,0,0,0,1,1
2019-07-13 00:00:00-04:00,1,0,1,0,0,0,0,0,0,0,0,0,0.0,0,0,0,1,1
2019-07-14 00:00:00-04:00,1,0,1,0,0,0,0,0,0,0,0,0,0.0,0,0,0,1,1
2019-07-15 00:00:00-04:00,1,0,1,0,0,0,0,0,0,0,0,0,0.0,0,0,0,1,1
2019-07-16 00:00:00-04:00,1,0,1,0,0,0,0,0,0,0,0,0,0.0,0,0,0,1,1
2019-07-17 00:00:00-04:00,1,0,1,0,0,0,0,0,0,0,0,0,0.0,0,0,0,1,1
2019-07-18 00:00:00-04:00,1,0,1,0,0,0,0,0,0,0,0,0,0.0,0,0,0,1,1
2019-07-19 00:00:00-04:00,1,0,1,0,0,0,0,0,0,0,0,0,0.0,0,0,0,1,1
2019-07-20 00:00:00-04:00,1,0,1,0,0,0,0,0,0,0,0,0,0.0,0,0,0,1,1
2019-07-21 00:00:00-04:00,1,0,1,0,0,0,0,0,0,0,0,0,0.0,0,0,0,1,1
2019-07-22 00:00:00-04:00,1,0,1,0,0,0,0,0,0,0,0,0,0.0,0,0,0,1,1
2019-07-23 00:00:00-04:00,1,0,1,0,0,0,0,0,0,0,0,0,0.0,0,0,0,1,1
2019-07-24 00:00:00-04:00,1,0,1,0,0,0,0,0,0,0,0,0,0.0,0,0,0,1,1
2019-07-25 00:00:00-04:00,1,0,1,0,0,0,0,0,0,0,0,0,0.0,0,0,0,1,1
2019-07-26 00:00:00-04:00,1,0,1,0,0,0,0,0,0,0,0,0,0.0,0,0,0,1,1
2019-07-27 00:00:00-04:00,1,0,1,0,0,0,0,0,0,0,0,0,0.0,0,0,0,1,1
2019-07-28 00:00:00-04:00,1,0,1,0,0,0,0,0,0,0,0,0,0.0,0,0,0,1,1
2019-07-29 00:00:00-04:00,1,0,1,0,0,0,0,0,0,0,0,0,0.0,0,0,0,1,1
2019-07-30 00:00:00-04:00,1,0,1,0,0,0,0,0,0,0,0,0,0.0,0,0,0,1,1
2019-07-31 00:00:00-04:00,1,0,1,0,0,0,0,0,0,0,0,0,0.0,0,0,0,1,1
2019-08-01 00:00:00-04:00,1,0,1,0,0,0,0,0,0,0,0,0,0.0,0,0,0,1,1
2019-08-02 00:00:00-04:00,1,0,1,0,0,0,0,0,0,0,0,0,0.0,0,0,0,1,1
2019-08-03 00:00:00-04:00,1,0,1,0,0,0,0,0,0,0,0,0,0.0,0,0,0,1,1
2019-08-04 00:00:00-04:00,1,0,1,0,0,0,0,0,0,0,0,0,0.0,0,0,0,1,1
2019-08-05 00:00:00-04:00,1,0,1,0,0,0,0,0,0,0,0,0,0.0,0,0,0,1,1
2019-08-06 00:00:00-04:00,1,0,1,0,0,0,0,0,0,0,0,0,0.0,0,0,0,1,1
2019-08-07 00:00:00-04:00,1,0,1,0,0,0,0,0,0,0,0,0,0.0,0,0,0,1,1
2019-08-08 00:00:00-04:00,1,0,1,0,0,0,0,0,0,0,0,0,0.0,0,0,0,1,1
2019-08-09 00:00:00-04:00,1,0,1,0,0,0,0,0,0,0,0,0,0.0,0,0,0,1,1
2019-08-10 00:00:00-04:00,1,0,1,0,0,0,0,0,0,0,0,0,0.0,0,0,0,1,1
2019-08-11 00:00:00-04:00,1,0,1,0,0,0,0,0,0,0,0,0,0.0,0,0,0,1,1
2019-08-12 00:00:00-04:00,1,0,1,0,0,0,0,0,0,0,0,0,0.0,0,0,0,1,1
2019-08-13 00:00:00-04:00,1,0,1,0,0,0,0,0,0,0,0,0,0.0,0,0,0,1,1
2019-08-14 00:00:00-04:00,1,0,1,0,0,0,0,0,0,0,0,0,0.0,0,0,0,1,1
2019-08-15 00:00:00-04:00,1,0,1,0,0,0,0,0,0,0,0,0,0.0,0,0,0,1,1
2019-08-16 00:00:00-04:00,1,0,1,0,0,0,0,0,0,0,0,0,0.0,0,0,0,1,1
2019-08-17 00:00:00-04:00,1,0,1,0,0,0,0,0,0,0,0,0,0.0,0,0,0,1,1
2019-08-18 00:00:00-04:00,1,0,1,0,0,0,0,0,0,0,0,0,0.0,0,0,0,1,1
2019-08-19 00:00:00-04:00,1,0,1,0,0,0,0,0,0,0,0,0,0.0,0,0,0,1,1
2019-08-20 00:00:00-04:00,1,0,1,0,0,0,0,0,0,0,0,0,0.0,0,0,0,1,1
2019-08-21 00:00:00-04:00,1,0,1,0,0,0,0,0,0,0,0,0,0.0,0,0,0,1,1
2019-08-22 00:00:00-04:00,1,0,1,0,0,0,0,0,0,0,0,0,0.0,0,0,0,1,1
2019-08-23 00:00:00-04:00,1,0,1,0,0,0,0,0,0,0,0,0,0.0,0,0,0,1,1
2019-08-24 00:00:00-04:00,1,0,1,0,0,0,0,0,0,0,0,0,0.0,0,0,0,1,1
2019-08-25 00:00:00-04:00,1,0,1,0,0,0,0,0,0,0,0,0,0.0,0,0,0,1,1
2019-08-26 00:00:00-04:00,1,0,1,0,0,0,0,0,0,0,0,0,0.0,0,0,0,1,1
2019-08-27 00:00:00-04:00,1,0,1,0,0,0,0,0,0,0,0,0,0.0,0,0,0,1,1
2019-08-28 00:00:00-04:00,1,0,1,0,0,0,0,0,0,0,0,0,0.0,0,0,0,1,1
2019-08-29 00:00:00-04:00,1,0,1,0,0,0,0,0,0,0,0,0,0.0,0,0,0,1,1
2019-08-30 00:00:00-04:00,1,0,1,0,0,0,0,0,0,0,0,0,0.0,0,0,0,1,1
2019-08-31 00:00:00-04:00,1,0,1,0,0,0,0,0,0,0,0,0,0.0,0,0,0,1,1
2019-09-01 00:00:00-04:00,1,0,1,0,0,0,0,0,0,0,0,0,0.0,0,0,0,1,1
2019-09-02 00:00:00-04:00,1,0,1,0,0,0,0,0,0,0,0,0,0.0,0,0,0,1,1
2019-09-03 00:00:00-04:00,1,0,1,0,0,0,0,0,0,0,0,0,0.0,0,0,0,1,1
2019-09-04 00:00:00-04:00,15,2,9,1,0,2,0,0,0,0,1,0,0.0,1,1,2,1,1
2019-09-05 00:00:00-04:00,22,5,14,0,0,2,0,0,1,0,1,0,0.0,1,1,1,1,1
2019-09-06 00:00:00-04:00,23,7,15,0,0,2,0,0,0,0,1,0,0.0,2,1,1,2,2
2019-09-07 00:00:00-04:00,25,9,17,0,0,2,0,0,0,0,1,0,0.0,2,1,1,2,2
2019-09-08 00:00:00-04:00,25,9,17,0,0,2,0,0,0,0,1,0,0.0,2,1,1,2,2
2019-09-09 00:00:00-04:00,25,9,17,0,0,2,0,0,0,0,1,0,0.0,2,1,1,2,2
2019-09-10 00:00:00-04:00,27,9,17,0,0,2,0,0,0,0,1,0,0.0,2,1,1,2,2
2019-09-11 00:00:00-04:00,30,9,17,0,0,2,0,0,0,0,1,0,0.0,3,1,1,2,2
2019-09-12 00:00:00-04:00,31,10,18,0,0,2,0,0,0,0,1,0,0.0,3,1,1,2,2
2019-09-13 00:00:00-04:00,30,10,18,0,0,2,0,0,0,0,1,0,0.0,3,1,1,2,2
2019-09-14 00:00:00-04:00,34,10,19,0,0,3,0,0,0,0,1,0,0.0,3,2,2,2,3
2019-09-15 00:00:00-04:00,33,10,18,0,0,3,0,0,0,0,1,0,0.0,3,2,2,1,2
2019-09-16 00:00:00-04:00,33,10,18,0,0,3,0,0,0,0,1,0,0.0,3,2,2,1,2
2019-09-17 00:00:00-04:00,33,10,18,0,0,3,0,0,0,0,1,0,0.0,3,2,2,1,2
2019-09-18 00:00:00-04:00,34,10,19,0,0,3,0,0,0,0,1,0,0.0,3,2,2,1,2
2019-09-19 00:00:00-04:00,36,11,20,0,0,3,0,0,0,0,1,0,0.0,3,2,2,1,2
2019-09-20 00:00:00-04:00,37,11,20,0,0,3,0,0,0,0,1,0,0.0,3,2,2,1,2
2019-09-21 00:00:00-04:00,38,11,20,0,0,3,0,0,0,0,1,0,0.0,3,2,2,1,3
2019-09-22 00:00:00-04:00,36,9,18,0,0,3,0,0,0,0,1,0,0.0,3,2,2,1,3
2019-09-23 00:00:00-04:00,36,9,18,0,0,3,0,0,0,0,1,0,0.0,3,2,2,1,3
2019-09-24 00:00:00-04:00,38,10,19,0,0,3,0,0,0,0,1,0,0.0,3,2,2,1,3
2019-09-25 00:00:00-04:00,38,10,19,0,0,3,0,0,0,0,1,0,0.0,3,2,2,1,3
2019-09-26 00:00:00-04:00,38,10,19,0,0,4,0,0,0,0,1,0,0.0,3,2,2,1,3
2019-09-27 00:00:00-04:00,40,10,21,0,0,4,0,0,0,0,1,0,0.0,3,2,5,1,3
2019-09-28 00:00:00-04:00,40,10,21,0,0,4,0,0,0,0,1,0,0.0,3,2,5,1,3
2019-09-29 00:00:00-04:00,41,10,22,0,0,4,0,0,0,0,1,0,0.0,3,2,5,1,4
2019-09-30 00:00:00-04:00,41,10,22,0,0,4,0,0,0,0,1,0,0.0,3,2,5,1,4
2019-10-01 00:00:00-04:00,44,11,23,0,0,5,0,0,0,0,1,0,0.0,3,2,5,1,4
2019-10-02 00:00:00-04:00,44,11,23,0,0,5,0,0,0,0,1,0,0.0,3,2,5,1,4
2019-10-03 00:00:00-04:00,44,11,23,0,0,5,0,0,0,0,1,0,0.0,3,2,5,1,4
2019-10-04 00:00:00-04:00,46,12,24,0,0,5,0,0,1,1,1,0,0.0,3,2,5,1,4
2019-10-05 00:00:00-04:00,47,12,25,0,0,5,0,0,1,1,1,0,0.0,3,2,6,2,5
2019-10-06 00:00:00-04:00,47,12,25,0,0,5,0,0,1,1,1,0,0.0,3,2,6,2,5
2019-10-07 00:00:00-04:00,47,12,25,0,0,5,0,0,1,1,1,0,0.0,3,2,6,2,5
2019-10-08 00:00:00-04:00,48,12,25,0,0,5,0,0,1,1,1,0,0.0,3,2,6,2,5
2019-10-09 00:00:00-04:00,48,12,25,0,0,5,0,0,1,1,1,0,0.0,3,2,6,2,5
2019-10-10 00:00:00-04:00,48,12,25,0,0,5,0,0,1,1,1,0,0.0,3,2,6,2,5
2019-10-11 00:00:00-04:00,48,12,25,0,0,5,0,0,1,1,1,0,0.0,3,2,6,2,5
2019-10-12 00:00:00-04:00,48,12,25,0,0,4,0,0,1,1,1,0,0.0,3,2,6,2,6
2019-10-13 00:00:00-04:00,48,12,25,0,0,4,0,0,1,1,1,0,0.0,3,2,6,2,6
2019-10-14 00:00:00-04:00,48,12,25,0,0,4,0,0,1,1,1,0,0.0,3,2,6,2,6
2019-10-15 00:00:00-04:00,50,12,26,0,0,4,0,0,1,1,1,0,0.0,4,2,6,3,7
2019-10-16 00:00:00-04:00,51,12,26,0,0,4,0,0,1,1,1,0,0.0,5,2,6,3,7
2019-10-17 00:00:00-04:00,51,12,26,0,0,4,0,0,1,1,1,0,0.0,5,2,6,3,7
2019-10-18 00:00:00-04:00,52,13,27,0,0,4,0,0,1,1,1,0,0.0,5,2,6,3,7
2019-10-19 00:00:00-04:00,52,13,27,0,0,4,0,0,1,1,1,0,0.0,5,2,6,3,7
2019-10-20 00:00:00-04:00,52,13,27,0,0,4,0,0,1,1,1,0,0.0,5,2,6,3,7
2019-10-21 00:00:00-04:00,52,13,27,0,0,4,0,0,1,1,1,0,0.0,5,2,6,3,7
2019-10-22 00:00:00-04:00,52,13,27,0,0,4,0,0,1,1,1,0,0.0,5,2,6,3,7
2019-10-23 00:00:00-04:00,52,13,27,0,0,4,0,0,1,1,1,0,0.0,5,2,6,3,7
2019-10-24 00:00:00-04:00,52,13,27,0,0,4,0,0,1,1,1,0,0.0,5,2,6,3,7
2019-10-25 00:00:00-04:00,52,13,27,0,0,4,0,0,1,1,1,0,0.0,5,2,6,3,7
2019-10-26 00:00:00-04:00,54,13,29,0,0,4,0,0,1,1,1,0,0.0,5,2,6,3,8
2019-10-27 00:00:00-04:00,53,13,28,0,0,4,0,0,1,1,2,0,0.0,5,2,6,3,7
2019-10-28 00:00:00-04:00,53,13,28,0,0,4,0,0,1,1,2,0,0.0,5,2,6,3,7
2019-10-29 00:00:00-04:00,53,13,28,0,0,4,0,0,1,1,2,0,0.0,5,2,6,3,7
2019-10-30 00:00:00-04:00,52,12,28,0,0,4,0,0,1,1,2,0,0.0,5,2,6,3,7
2019-10-31 00:00:00-04:00,52,12,28,0,0,4,0,0,1,1,2,0,0.0,5,2,6,3,7
2019-11-01 00:00:00-04:00,52,12,28,0,0,4,0,0,1,1,2,0,0.0,5,2,6,3,7
2019-11-02 00:00:00-04:00,52,12,28,0,0,4,0,0,1,1,2,0,0.0,5,2,6,3,7
2019-11-03 00:00:00-04:00,51,12,28,0,0,4,0,0,1,1,1,0,0.0,5,2,6,3,7
2019-11-04 00:00:00-05:00,51,12,28,0,0,4,0,0,1,1,1,0,0.0,5,2,6,3,7
2019-11-05 00:00:00-05:00,51,12,28,0,0,4,0,0,1,1,1,0,0.0,5,2,6,3,7
2019-11-06 00:00:00-05:00,51,12,28,0,0,4,0,0,1,1,1,0,0.0,5,2,6,3,7
2019-11-07 00:00:00-05:00,51,12,28,0,0,4,0,0,1,1,1,0,0.0,5,2,6,3,7
2019-11-08 00:00:00-05:00,53,14,30,0,0,4,0,0,1,1,1,0,0.0,5,2,6,3,7
2019-11-09 00:00:00-05:00,55,15,31,0,0,4,0,0,1,1,1,0,0.0,5,2,6,3,8
2019-11-10 00:00:00-05:00,55,15,31,0,0,4,0,0,1,1,1,0,0.0,5,2,6,3,8
2019-11-11 00:00:00-05:00,55,15,31,0,0,4,0,0,1,1,1,0,0.0,5,2,6,3,8
2019-11-12 00:00:00-05:00,55,15,31,0,0,4,0,0,1,1,1,0,0.0,5,2,6,3,8
2019-11-13 00:00:00-05:00,55,15,31,0,0,4,0,0,1,1,1,0,0.0,5,2,6,3,8
2019-11-14 00:00:00-05:00,55,15,31,0,0,4,0,0,1,1,1,0,0.0,5,2,6,3,8
2019-11-15 00:00:00-05:00,55,15,31,0,0,4,0,0,1,1,1,0,0.0,5,2,6,3,8
2019-11-16 00:00:00-05:00,55,15,31,0,0,4,0,0,1,1,1,0,0.0,5,2,6,3,8
2019-11-17 00:00:00-05:00,55,15,31,0,0,4,0,0,1,1,1,0,0.0,5,2,6,3,8
2019-11-18 00:00:00-05:00,55,15,31,0,0,4,0,0,1,1,1,0,0.0,5,2,6,3,8
2019-11-19 00:00:00-05:00,55,15,31,0,0,4,0,0,1,1,1,0,0.0,5,2,6,3,8
2019-11-20 00:00:00-05:00,55,15,31,0,0,4,0,0,1,1,1,0,0.0,5,2,6,3,8
2019-11-21 00:00:00-05:00,55,15,31,0,0,4,0,0,1,1,1,0,0.0,5,2,6,3,8
2019-11-22 00:00:00-05:00,55,15,31,0,0,4,0,0,1,1,1,0,0.0,5,2,6,3,8
2019-11-23 00:00:00-05:00,53,14,30,0,0,4,0,0,1,1,1,0,0.0,5,2,5,3,8
2019-11-24 00:00:00-05:00,53,14,30,0,0,4,0,0,1,1,1,0,0.0,5,2,5,3,8
2019-11-25 00:00:00-05:00,53,14,30,0,0,4,0,0,1,1,1,0,0.0,5,2,5,3,8
2019-11-26 00:00:00-05:00,53,14,30,0,0,4,0,0,1,1,1,0,0.0,5,2,5,3,8
2019-11-27 00:00:00-05:00,53,14,30,0,0,4,0,0,1,1,1,0,0.0,5,2,5,3,8
2019-11-28 00:00:00-05:00,53,14,30,0,0,4,0,0,1,1,1,0,0.0,5,2,5,3,8
2019-11-29 00:00:00-05:00,53,14,30,0,0,4,0,0,1,1,1,0,0.0,5,2,5,3,8
2019-11-30 00:00:00-05:00,54,14,31,0,0,4,0,0,1,1,1,0,0.0,5,2,5,3,9
2019-12-01 00:00:00-05:00,53,13,30,0,0,4,0,0,1,1,1,0,0.0,5,2,5,3,9
2019-12-02 00:00:00-05:00,53,13,30,0,0,4,0,0,1,1,1,0,0.0,5,2,5,3,9
2019-12-03 00:00:00-05:00,53,13,30,0,0,4,0,0,1,1,1,0,0.0,5,2,5,3,9
2019-12-04 00:00:00-05:00,53,13,30,0,0,4,0,0,1,1,1,0,0.0,5,2,5,3,9
2019-12-05 00:00:00-05:00,53,13,30,0,0,4,0,0,1,1,1,0,0.0,5,2,5,3,9
2019-12-06 00:00:00-05:00,53,13,30,0,0,4,0,0,1,1,1,0,0.0,5,2,5,3,9
2019-12-07 00:00:00-05:00,55,14,32,0,0,4,0,0,1,1,1,0,0.0,5,2,5,3,9
2019-12-08 00:00:00-05:00,55,14,32,0,0,4,0,0,1,1,1,0,0.0,5,2,5,3,9
2019-12-09 00:00:00-05:00,55,14,32,0,0,4,0,0,1,1,1,0,0.0,5,2,5,3,9
2019-12-10 00:00:00-05:00,55,14,32,0,0,4,0,0,1,1,1,0,0.0,5,2,5,3,9
2019-12-11 00:00:00-05:00,53,12,30,0,0,4,0,0,1,1,1,0,0.0,5,2,5,3,9
2019-12-12 00:00:00-05:00,53,12,30,0,0,4,0,0,1,1,1,0,0.0,5,2,5,3,9
2019-12-13 00:00:00-05:00,54,12,30,1,0,5,0,0,1,1,1,0,0.0,5,2,5,3,9
2019-12-14 00:00:00-05:00,54,12,30,1,0,5,0,0,1,1,1,0,0.0,5,2,5,3,9
2019-12-15 00:00:00-05:00,54,12,30,1,0,5,0,0,1,1,1,0,0.0,5,2,5,3,9
2019-12-16 00:00:00-05:00,53,11,29,1,0,5,0,0,1,1,1,0,0.0,5,2,5,3,8
2019-12-17 00:00:00-05:00,53,11,29,1,0,5,0,0,1,1,1,0,0.0,5,2,5,3,8
2019-12-18 00:00:00-05:00,56,14,32,1,0,5,0,0,1,1,1,0,0.0,5,2,5,3,8
2019-12-19 00:00:00-05:00,55,13,31,1,0,5,0,0,1,1,1,0,0.0,5,2,5,3,8
2019-12-20 00:00:00-05:00,56,14,32,1,0,5,0,0,1,1,1,0,0.0,5,2,5,3,8
2019-12-21 00:00:00-05:00,57,14,33,1,0,5,0,0,1,1,1,0,0.0,5,2,5,3,9
2019-12-22 00:00:00-05:00,56,14,32,1,0,5,0,0,1,1,1,0,0.0,4,2,6,2,8
2019-12-23 00:00:00-05:00,55,14,31,1,0,5,0,0,1,1,1,0,0.0,4,2,5,1,7
2019-12-24 00:00:00-05:00,55,14,31,1,0,5,0,0,1,1,1,0,0.0,4,2,5,1,7
2019-12-25 00:00:00-05:00,55,14,31,1,0,5,0,0,1,1,1,0,0.0,4,2,5,1,7
2019-12-26 00:00:00-05:00,55,14,31,1,0,5,0,0,1,1,1,0,0.0,4,2,5,1,7
2019-12-27 00:00:00-05:00,55,14,31,1,0,5,0,0,1,1,1,0,0.0,4,2,5,1,7
2019-12-28 00:00:00-05:00,56,14,32,1,0,5,0,0,1,1,1,0,0.0,4,2,5,1,7
2019-12-29 00:00:00-05:00,55,13,31,1,0,5,0,0,1,1,1,0,0.0,4,2,5,1,7
2019-12-30 00:00:00-05:00,54,13,30,1,0,5,0,0,1,1,1,0,0.0,4,2,5,1,7
2019-12-31 00:00:00-05:00,55,13,32,1,0,5,0,0,1,1,1,0,0.0,4,2,5,1,7
2020-01-01 00:00:00-05:00,53,13,30,1,0,5,0,0,1,1,1,0,0.0,4,2,4,1,7
2020-01-02 00:00:00-05:00,53,13,30,1,0,5,0,0,1,1,1,0,0.0,4,2,4,1,7
2020-01-03 00:00:00-05:00,54,13,31,1,0,5,0,0,1,1,1,0,0.0,4,2,4,1,7
2020-01-04 00:00:00-05:00,53,13,30,1,0,5,0,0,1,1,1,0,0.0,4,2,4,1,7
2020-01-05 00:00:00-05:00,52,13,30,1,0,5,0,0,1,1,1,0,0.0,4,2,3,1,7
2020-01-06 00:00:00-05:00,52,13,30,1,0,5,0,0,1,1,1,0,0.0,4,2,3,1,7
2020-01-07 00:00:00-05:00,52,13,30,1,0,5,0,0,1,1,1,0,0.0,4,2,3,1,7
2020-01-08 00:00:00-05:00,52,13,30,1,0,5,0,0,1,1,1,0,0.0,4,2,3,1,7
2020-01-09 00:00:00-05:00,57,15,34,1,0,5,0,0,1,1,1,0,0.0,4,3,3,2,8
2020-01-10 00:00:00-05:00,56,15,33,1,0,5,0,0,1,1,1,0,0.0,4,3,3,2,8
2020-01-11 00:00:00-05:00,57,15,34,1,0,5,0,0,1,1,1,0,0.0,4,3,3,2,8
2020-01-12 00:00:00-05:00,57,15,34,1,0,5,0,0,1,1,1,0,0.0,4,3,3,2,8
2020-01-13 00:00:00-05:00,57,15,34,1,0,5,0,0,1,1,1,0,0.0,4,3,3,2,8
2020-01-14 00:00:00-05:00,57,15,34,1,0,5,0,0,1,1,1,0,0.0,4,3,3,2,8
2020-01-15 00:00:00-05:00,57,15,34,1,0,5,0,0,1,1,1,0,0.0,4,3,3,2,8
2020-01-16 00:00:00-05:00,57,15,34,1,0,5,0,0,1,1,1,0,0.0,4,3,3,2,8
2020-01-17 00:00:00-05:00,58,15,35,1,0,5,0,0,1,1,1,0,0.0,4,3,3,2,8
2020-01-18 00:00:00-05:00,58,15,35,1,0,5,0,0,1,1,1,0,0.0,4,3,3,2,8
2020-01-19 00:00:00-05:00,57,14,34,1,0,5,0,0,1,1,1,0,0.0,4,3,3,2,8
2020-01-20 00:00:00-05:00,57,14,34,1,0,5,0,0,1,1,1,0,0.0,4,3,3,2,8
2020-01-21 00:00:00-05:00,58,14,34,1,0,5,0,0,1,1,1,0,0.0,4,3,3,2,8
2020-01-22 00:00:00-05:00,59,14,34,2,0,5,1,0,1,1,1,0,0.0,4,3,3,2,8
2020-01-23 00:00:00-05:00,59,14,34,2,0,5,1,0,1,1,1,0,0.0,4,3,3,2,8
2020-01-24 00:00:00-05:00,60,14,34,2,0,5,1,0,1,1,1,0,0.0,4,3,3,2,8
2020-01-25 00:00:00-05:00,60,14,34,2,0,5,1,0,1,1,1,0,0.0,4,3,3,2,8
2020-01-26 00:00:00-05:00,59,14,34,2,0,5,1,0,1,1,1,0,0.0,4,3,2,2,7
2020-01-27 00:00:00-05:00,59,14,34,2,0,5,1,0,1,1,1,0,0.0,4,3,2,2,7
2020-01-28 00:00:00-05:00,59,14,34,2,0,5,1,0,1,1,1,0,0.0,4,3,2,2,7
2020-01-29 00:00:00-05:00,59,14,34,2,0,5,1,0,1,1,1,0,0.0,4,3,2,2,7
2020-01-30 00:00:00-05:00,59,14,34,2,0,5,1,0,1,1,1,0,0.0,4,3,2,2,7
2020-01-31 00:00:00-05:00,60,14,35,2,0,5,1,0,1,1,1,0,0.0,4,3,2,2,7
2020-02-01 00:00:00-05:00,60,14,35,2,0,5,1,0,1,1,1,0,0.0,4,3,2,2,7
2020-02-02 00:00:00-05:00,60,14,35,2,0,5,1,0,1,1,1,0,0.0,4,3,2,2,7
2020-02-03 00:00:00-05:00,60,14,35,2,0,5,1,0,1,1,1,0,0.0,4,3,2,2,7
2020-02-04 00:00:00-05:00,60,14,35,2,0,5,1,0,1,1,1,0,0.0,4,3,2,2,7
2020-02-05 00:00:00-05:00,60,14,35,2,0,5,1,0,1,1,1,0,0.0,4,3,2,2,7
2020-02-06 00:00:00-05:00,61,14,35,2,0,5,1,0,2,1,1,0,0.0,4,3,2,2,7
2020-02-07 00:00:00-05:00,61,14,35,2,0,5,1,0,2,1,1,0,0.0,4,3,2,2,7
2020-02-08 00:00:00-05:00,61,14,35,2,0,5,1,0,2,1,1,0,0.0,4,3,2,2,7
2020-02-09 00:00:00-05:00,61,14,35,2,0,5,1,0,2,1,1,0,0.0,4,3,2,2,7
2020-02-10 00:00:00-05:00,59,14,35,1,0,4,1,0,2,1,0,0,0.0,4,3,2,2,7
2020-02-11 00:00:00-05:00,59,14,35,1,0,4,1,0,2,1,0,0,0.0,4,3,2,2,7
2020-02-12 00:00:00-05:00,59,14,35,1,0,4,1,0,2,1,0,0,0.0,4,3,2,2,7
2020-02-13 00:00:00-05:00,60,13,34,1,0,6,1,0,2,1,0,0,0.0,4,3,3,2,7
2020-02-14 00:00:00-05:00,63,14,37,1,0,6,1,0,2,1,0,0,0.0,4,3,4,2,7
2020-02-15 00:00:00-05:00,63,14,37,1,0,6,1,0,2,1,0,0,0.0,4,3,4,2,7
2020-02-16 00:00:00-05:00,61,14,35,1,0,6,1,0,2,1,0,0,0.0,4,3,3,2,7
2020-02-17 00:00:00-05:00,61,14,35,1,0,6,1,0,2,1,0,0,0.0,4,3,3,2,7
2020-02-18 00:00:00-05:00,61,14,35,1,0,6,1,0,2,1,0,0,0.0,4,3,3,2,7
2020-02-19 00:00:00-05:00,62,15,36,1,0,6,1,0,2,1,0,0,0.0,4,3,3,2,7
2020-02-20 00:00:00-05:00,63,15,37,1,0,6,1,0,2,1,0,0,0.0,4,3,3,2,7
2020-02-21 00:00:00-05:00,63,15,37,1,0,6,1,0,2,1,0,0,0.0,4,3,3,2,7
2020-02-22 00:00:00-05:00,62,14,36,1,0,6,1,0,2,1,0,0,0.0,4,3,3,2,7
2020-02-23 00:00:00-05:00,62,14,36,1,0,6,1,0,2,1,0,0,0.0,4,3,3,2,7
2020-02-24 00:00:00-05:00,61,14,35,1,0,6,1,0,2,1,0,0,0.0,4,3,3,2,6
2020-02-25 00:00:00-05:00,61,14,35,1,0,6,1,0,2,1,0,0,0.0,4,3,3,2,6
2020-02-26 00:00:00-05:00,60,14,35,1,0,6,1,0,2,1,0,0,0.0,4,3,3,2,6
2020-02-27 00:00:00-05:00,60,14,35,1,0,6,1,0,2,1,0,0,0.0,4,3,3,2,6
2020-02-28 00:00:00-05:00,60,14,35,1,0,6,1,0,2,1,0,0,0.0,4,3,3,2,6
2020-02-29 00:00:00-05:00,59,14,35,1,0,6,1,0,2,1,0,0,0.0,4,3,3,2,6
2020-03-01 00:00:00-05:00,59,14,35,1,0,6,1,0,2,1,0,0,0.0,4,3,3,2,6
2020-03-02 00:00:00-05:00,59,14,35,1,0,6,1,0,2,1,0,0,0.0,4,3,3,2,6
2020-03-03 00:00:00-05:00,59,14,35,1,0,6,1,0,2,1,0,0,0.0,4,3,3,2,6
2020-03-04 00:00:00-05:00,59,14,35,1,0,6,1,0,2,1,0,0,0.0,4,3,3,2,6
2020-03-05 00:00:00-05:00,62,14,37,1,0,6,1,0,2,1,0,0,0.0,4,3,3,2,6
2020-03-06 00:00:00-05:00,60,14,36,1,0,6,1,0,2,1,0,0,0.0,4,3,3,2,6
2020-03-07 00:00:00-05:00,59,14,35,1,0,6,1,0,2,1,0,0,0.0,4,3,3,2,6
2020-03-08 00:00:00-05:00,59,14,35,1,0,6,1,0,2,1,0,0,0.0,4,3,3,2,6
2020-03-09 00:00:00-04:00,59,14,35,1,0,6,1,0,2,1,0,0,0.0,4,3,3,2,6
2020-03-10 00:00:00-04:00,58,14,34,1,0,6,1,0,2,1,0,0,0.0,4,3,3,1,5
2020-03-11 00:00:00-04:00,59,14,34,1,0,6,1,0,2,1,0,0,0.0,4,3,3,1,5
2020-03-12 00:00:00-04:00,60,15,35,1,0,6,1,0,2,1,0,0,0.0,4,3,3,1,5
2020-03-13 00:00:00-04:00,61,16,36,1,0,6,1,0,2,1,0,0,0.0,4,3,3,1,5
2020-03-14 00:00:00-04:00,58,15,34,1,0,6,1,0,2,1,0,0,0.0,4,2,3,1,5
2020-03-15 00:00:00-04:00,58,15,34,1,0,6,1,0,2,1,0,0,0.0,4,2,3,0,4
2020-03-16 00:00:00-04:00,58,15,34,1,0,6,1,0,2,1,0,0,0.0,4,2,3,0,4
2020-03-17 00:00:00-04:00,60,15,35,1,0,6,1,0,3,1,0,0,0.0,4,2,3,0,4
2020-03-18 00:00:00-04:00,60,15,35,1,0,6,1,0,3,1,0,0,0.0,4,2,3,0,4
2020-03-19 00:00:00-04:00,61,16,36,1,0,6,1,0,3,1,0,0,0.0,4,2,3,0,4
2020-03-20 00:00:00-04:00,61,16,36,1,0,6,1,0,3,1,0,0,0.0,4,2,3,0,4
2020-03-21 00:00:00-04:00,61,16,36,1,0,6,1,0,3,1,0,0,0.0,4,2,3,0,4
2020-03-22 00:00:00-04:00,60,16,35,1,0,6,1,0,3,1,0,0,0.0,4,2,3,0,3
2020-03-23 00:00:00-04:00,60,16,35,1,0,6,1,0,3,1,0,0,0.0,4,2,3,0,3
2020-03-24 00:00:00-04:00,58,14,33,1,0,6,1,0,3,1,0,0,0.0,4,2,3,0,3
2020-03-25 00:00:00-04:00,57,13,31,2,0,7,1,0,3,1,0,0,0.0,4,2,3,0,3
2020-03-26 00:00:00-04:00,57,13,31,2,0,7,1,0,3,1,0,0,0.0,4,2,3,0,3
2020-03-27 00:00:00-04:00,56,12,30,2,0,7,1,0,3,1,0,0,0.0,4,2,3,0,3
2020-03-28 00:00:00-04:00,56,12,30,2,0,7,1,0,3,1,0,0,0.0,4,2,3,0,3
2020-03-29 00:00:00-04:00,55,12,30,2,0,7,1,0,3,1,0,0,0.0,3,2,3,0,3
2020-03-30 00:00:00-04:00,56,12,30,2,0,8,1,0,3,1,0,0,0.0,3,2,3,0,3
2020-03-31 00:00:00-04:00,56,12,30,2,0,8,1,0,3,1,0,0,0.0,3,2,3,1,4
2020-04-01 00:00:00-04:00,57,12,30,2,0,8,1,0,3,1,0,0,0.0,3,2,4,1,4
2020-04-02 00:00:00-04:00,57,12,30,2,0,8,1,0,3,1,0,0,0.0,3,2,4,1,4
2020-04-03 00:00:00-04:00,57,12,30,2,0,8,1,0,3,1,0,0,0.0,3,2,4,1,4
2020-04-04 00:00:00-04:00,56,12,30,2,0,8,1,0,2,1,0,0,0.0,3,2,4,1,4
2020-04-05 00:00:00-04:00,56,12,30,2,0,8,1,0,2,1,0,0,0.0,3,2,4,1,4
2020-04-06 00:00:00-04:00,55,12,30,2,0,8,1,0,2,1,0,0,0.0,3,1,4,1,4
2020-04-07 00:00:00-04:00,56,12,31,2,0,8,1,0,2,1,0,0,0.0,3,1,4,1,4
2020-04-08 00:00:00-04:00,56,12,31,2,0,8,1,0,2,1,0,0,0.0,3,1,4,1,4
2020-04-09 00:00:00-04:00,55,11,30,2,0,8,1,0,2,1,0,0,0.0,3,1,4,1,4
2020-04-10 00:00:00-04:00,54,11,30,2,0,8,1,0,2,1,0,0,0.0,3,1,4,1,4
2020-04-11 00:00:00-04:00,53,11,30,2,0,7,1,0,2,1,0,0,0.0,3,1,4,1,4
2020-04-12 00:00:00-04:00,53,11,30,2,0,7,1,0,2,1,0,0,0.0,3,1,4,1,4
2020-04-13 00:00:00-04:00,53,11,30,2,0,7,1,0,2,1,0,0,0.0,3,1,4,1,4
2020-04-14 00:00:00-04:00,53,11,30,2,0,7,1,0,2,1,0,0,0.0,3,1,4,1,4
2020-04-15 00:00:00-04:00,54,11,30,2,0,7,1,0,2,1,0,0,0.0,3,1,4,1,4
2020-04-16 00:00:00-04:00,54,11,30,2,0,7,1,0,2,1,0,0,0.0,3,1,4,1,4
2020-04-17 00:00:00-04:00,54,11,30,2,0,7,1,0,2,1,0,0,0.0,3,1,4,1,4
2020-04-18 00:00:00-04:00,52,11,29,2,0,6,1,0,2,1,0,0,0.0,3,1,4,1,4
2020-04-19 00:00:00-04:00,52,11,29,2,0,6,1,0,2,1,0,0,0.0,3,1,4,1,4
2020-04-20 00:00:00-04:00,52,11,29,2,0,6,1,0,2,1,0,0,0.0,3,1,4,1,4
2020-04-21 00:00:00-04:00,56,12,32,2,0,7,1,0,2,1,0,0,0.0,3,1,4,1,4
2020-04-22 00:00:00-04:00,56,12,32,2,0,7,1,0,2,1,0,0,0.0,3,1,4,1,4
2020-04-23 00:00:00-04:00,56,12,32,2,0,7,1,0,2,1,0,0,0.0,3,1,4,1,4
2020-04-24 00:00:00-04:00,55,12,31,2,0,7,1,0,2,1,0,0,0.0,3,1,4,1,4
2020-04-25 00:00:00-04:00,53,12,31,2,0,5,1,0,2,1,0,0,0.0,3,1,4,1,4
2020-04-26 00:00:00-04:00,53,12,31,2,0,5,1,0,2,1,0,0,0.0,3,1,4,1,4
2020-04-27 00:00:00-04:00,53,12,31,2,0,5,1,0,2,1,0,0,0.0,3,1,4,1,4
2020-04-28 00:00:00-04:00,53,12,31,2,0,5,1,0,2,1,0,0,0.0,3,1,4,1,4
2020-04-29 00:00:00-04:00,53,12,31,2,0,5,1,0,2,1,0,0,0.0,3,1,4,1,4
2020-04-30 00:00:00-04:00,53,12,31,2,0,5,1,0,2,1,0,0,0.0,3,1,4,1,4
2020-05-01 00:00:00-04:00,53,12,31,2,0,5,1,0,2,1,0,0,0.0,3,1,4,1,4
2020-05-02 00:00:00-04:00,53,11,30,2,0,5,1,0,2,1,0,1,0.0,3,1,4,1,4
2020-05-03 00:00:00-04:00,52,11,30,2,0,5,1,0,2,1,0,1,0.0,3,0,4,1,4
2020-05-04 00:00:00-04:00,52,11,30,2,0,5,1,0,2,1,0,1,0.0,3,0,4,1,4
2020-05-05 00:00:00-04:00,52,11,30,2,0,5,1,0,2,1,0,1,0.0,3,0,4,1,4
2020-05-06 00:00:00-04:00,53,11,30,2,0,5,1,0,2,1,0,1,0.0,3,1,4,1,4
2020-05-07 00:00:00-04:00,53,11,30,2,0,5,1,0,2,1,0,1,0.0,3,1,4,1,4
2020-05-08 00:00:00-04:00,53,11,30,2,0,5,1,0,2,1,0,1,0.0,3,1,4,1,4
2020-05-09 00:00:00-04:00,53,11,30,2,0,5,1,0,2,1,0,1,0.0,3,1,4,1,4
2020-05-10 00:00:00-04:00,52,11,30,2,0,4,1,0,2,1,0,1,0.0,3,1,4,1,4
2020-05-11 00:00:00-04:00,52,11,30,2,0,4,1,0,2,1,0,1,0.0,3,1,4,1,4
2020-05-12 00:00:00-04:00,53,11,29,2,0,5,1,0,2,1,0,1,0.0,3,1,4,1,4
2020-05-13 00:00:00-04:00,53,11,29,2,0,5,1,0,2,1,0,1,0.0,3,1,4,1,4
2020-05-14 00:00:00-04:00,53,11,29,2,0,5,1,0,2,1,0,1,0.0,3,1,4,1,4
2020-05-15 00:00:00-04:00,53,11,29,2,0,5,1,0,2,1,0,1,0.0,3,1,4,1,4
2020-05-16 00:00:00-04:00,51,10,28,2,0,5,1,0,2,1,0,1,0.0,3,1,4,1,4
2020-05-17 00:00:00-04:00,50,10,28,2,0,5,1,0,2,1,0,1,0.0,3,1,3,1,4
2020-05-18 00:00:00-04:00,50,10,28,2,0,5,1,0,2,1,0,1,0.0,3,1,3,1,4
2020-05-19 00:00:00-04:00,50,10,28,2,0,5,1,0,2,1,0,1,0.0,3,1,3,1,4
2020-05-20 00:00:00-04:00,50,10,28,2,0,5,1,0,2,1,0,1,0.0,3,1,3,1,4
2020-05-21 00:00:00-04:00,50,10,28,2,0,5,1,0,2,1,0,1,0.0,3,1,3,1,4
2020-05-22 00:00:00-04:00,49,10,28,2,0,5,1,0,2,1,0,1,0.0,3,1,3,1,4
2020-05-23 00:00:00-04:00,49,9,27,2,0,6,1,0,2,1,0,1,0.0,3,1,3,1,4
2020-05-24 00:00:00-04:00,49,9,27,2,0,6,1,0,2,1,0,1,0.0,3,1,3,1,4
2020-05-25 00:00:00-04:00,49,9,27,2,0,6,1,0,2,1,0,1,0.0,3,1,3,1,4
2020-05-26 00:00:00-04:00,49,9,27,2,0,6,1,0,2,1,0,1,0.0,3,1,3,1,4
2020-05-27 00:00:00-04:00,49,9,27,2,0,6,1,0,2,1,0,1,0.0,3,1,3,1,4
2020-05-28 00:00:00-04:00,49,9,27,2,0,6,1,0,2,1,0,1,0.0,3,1,3,1,4
2020-05-29 00:00:00-04:00,49,9,27,2,0,6,1,0,2,1,0,1,0.0,3,1,3,1,4
2020-05-30 00:00:00-04:00,49,9,27,2,0,6,1,0,2,1,0,1,0.0,3,1,3,1,4
2020-05-31 00:00:00-04:00,50,9,27,2,0,6,1,0,2,1,1,1,0.0,3,1,3,1,4
2020-06-01 00:00:00-04:00,49,9,27,2,0,6,1,0,2,1,0,1,0.0,3,1,3,1,4
2020-06-02 00:00:00-04:00,49,9,27,2,0,6,1,0,2,1,0,1,0.0,3,1,3,1,4
2020-06-03 00:00:00-04:00,50,9,28,2,0,6,1,0,2,1,0,1,0.0,3,1,3,2,5
2020-06-04 00:00:00-04:00,50,9,28,2,0,6,1,0,2,1,0,1,0.0,3,1,3,2,5
2020-06-05 00:00:00-04:00,50,9,28,2,0,6,1,0,2,1,0,1,0.0,3,1,3,2,5
2020-06-06 00:00:00-04:00,50,9,28,2,0,6,1,0,2,1,0,1,0.0,3,1,3,2,5
2020-06-07 00:00:00-04:00,50,9,28,2,0,6,1,0,2,1,0,1,0.0,3,1,3,2,5
2020-06-08 00:00:00-04:00,50,9,28,2,0,6,1,0,2,1,0,1,0.0,3,1,3,2,5
2020-06-09 00:00:00-04:00,50,9,28,2,0,6,1,0,2,1,0,1,0.0,3,1,3,2,5
2020-06-10 00:00:00-04:00,50,9,28,2,0,6,1,0,2,1,0,1,0.0,3,1,3,2,5
2020-06-11 00:00:00-04:00,50,9,28,2,0,6,1,0,2,1,0,1,0.0,3,1,3,2,5
2020-06-12 00:00:00-04:00,49,9,28,2,0,6,1,0,2,1,0,1,0.0,2,1,3,2,5
2020-06-13 00:00:00-04:00,50,9,28,2,0,7,1,0,2,1,0,1,0.0,2,1,3,2,5
2020-06-14 00:00:00-04:00,52,9,30,2,0,6,1,0,2,1,0,1,0.0,2,1,4,2,7
2020-06-15 00:00:00-04:00,50,9,29,2,0,6,1,0,2,1,0,1,0.0,2,1,3,2,6
2020-06-16 00:00:00-04:00,50,9,29,2,0,6,1,0,2,1,0,1,0.0,2,1,3,2,6
2020-06-17 00:00:00-04:00,50,9,29,2,0,6,1,0,2,1,0,1,0.0,2,1,3,2,6
2020-06-18 00:00:00-04:00,50,9,29,2,0,6,1,0,2,1,0,1,0.0,2,1,3,2,6
2020-06-19 00:00:00-04:00,50,9,29,2,0,6,1,0,2,1,0,1,0.0,2,1,3,2,6
2020-06-20 00:00:00-04:00,50,9,29,2,0,6,1,0,2,1,0,1,0.0,2,1,3,2,6
2020-06-21 00:00:00-04:00,50,9,29,2,0,6,1,0,2,1,0,1,0.0,2,1,3,2,6
2020-06-22 00:00:00-04:00,50,9,29,2,0,6,1,0,2,1,0,1,0.0,2,1,3,2,6
2020-06-23 00:00:00-04:00,49,9,28,2,0,6,1,0,2,1,0,1,0.0,2,1,3,2,6
2020-06-24 00:00:00-04:00,49,9,28,2,0,6,1,0,2,1,0,1,0.0,2,1,3,2,6
2020-06-25 00:00:00-04:00,49,9,28,2,0,6,1,0,2,1,0,1,0.0,2,1,3,2,6
2020-06-26 00:00:00-04:00,48,8,27,2,0,6,1,0,2,1,0,1,0.0,2,1,3,2,6
2020-06-27 00:00:00-04:00,49,8,28,2,0,6,1,0,2,1,0,1,0.0,2,1,4,3,7
2020-06-28 00:00:00-04:00,48,8,27,2,0,6,1,0,2,1,0,1,0.0,2,1,4,3,6
2020-06-29 00:00:00-04:00,47,8,26,2,0,6,1,0,2,1,0,1,0.0,2,1,3,2,5
2020-06-30 00:00:00-04:00,47,8,26,2,0,6,1,0,2,1,0,1,0.0,2,1,3,2,5
2020-07-01 00:00:00-04:00,47,8,26,2,0,6,1,0,2,1,0,1,0.0,2,1,3,2,5
2020-07-02 00:00:00-04:00,46,8,26,2,0,6,1,0,2,1,0,1,0.0,1,1,3,2,5
2020-07-03 00:00:00-04:00,46,8,26,2,0,6,1,0,2,1,0,1,0.0,1,1,3,2,5
2020-07-04 00:00:00-04:00,46,8,26,2,0,6,1,0,2,1,0,1,0.0,1,1,3,2,5
2020-07-05 00:00:00-04:00,46,8,26,2,0,6,1,0,2,1,0,1,0.0,1,1,3,2,5
2020-07-06 00:00:00-04:00,46,8,26,2,0,6,1,0,2,1,0,1,0.0,1,1,3,2,5
2020-07-07 00:00:00-04:00,46,8,26,2,0,6,1,0,2,1,0,1,0.0,1,1,3,2,5
2020-07-08 00:00:00-04:00,46,8,26,2,0,6,1,0,2,1,0,1,0.0,1,1,3,2,5
2020-07-09 00:00:00-04:00,46,8,26,2,0,6,1,0,2,1,0,1,0.0,1,1,3,2,5
2020-07-10 00:00:00-04:00,46,8,26,2,0,6,1,0,2,1,0,1,0.0,1,1,3,2,5
2020-07-11 00:00:00-04:00,47,8,26,2,0,6,1,0,2,1,1,1,0.0,1,1,3,2,5
2020-07-12 00:00:00-04:00,45,7,25,2,0,6,1,0,2,1,0,1,0.0,1,1,3,2,5
2020-07-13 00:00:00-04:00,45,7,25,2,0,6,1,0,2,1,0,1,0.0,1,1,3,2,5
2020-07-14 00:00:00-04:00,46,7,26,2,0,6,1,0,2,1,0,1,0.0,1,1,3,2,5
2020-07-15 00:00:00-04:00,47,7,27,2,0,5,1,0,3,1,0,1,0.0,1,1,3,2,5
2020-07-16 00:00:00-04:00,47,7,27,2,0,5,1,0,3,1,0,1,0.0,1,1,3,2,5
2020-07-17 00:00:00-04:00,47,7,27,2,0,5,1,0,3,1,0,1,0.0,1,1,3,2,5
2020-07-18 00:00:00-04:00,46,7,26,2,0,5,1,0,3,1,0,1,0.0,1,1,3,2,5
2020-07-19 00:00:00-04:00,46,7,26,2,0,5,1,0,3,1,0,1,0.0,1,1,3,2,5
2020-07-20 00:00:00-04:00,46,7,26,2,0,5,1,0,3,1,0,1,0.0,1,1,3,2,5
2020-07-21 00:00:00-04:00,46,7,26,2,0,5,1,0,3,1,0,1,0.0,1,1,3,2,5
2020-07-22 00:00:00-04:00,46,7,26,2,0,5,1,0,3,1,0,1,0.0,1,1,3,2,5
2020-07-23 00:00:00-04:00,46,7,26,2,0,5,1,0,3,1,0,1,0.0,1,1,3,2,5
2020-07-24 00:00:00-04:00,46,7,26,2,0,5,1,0,3,1,0,1,0.0,1,1,3,2,5
2020-07-25 00:00:00-04:00,46,7,26,2,0,5,1,0,3,1,0,1,0.0,1,1,3,2,6
2020-07-26 00:00:00-04:00,45,7,25,2,0,5,1,0,3,1,0,1,0.0,1,1,3,2,5
2020-07-27 00:00:00-04:00,45,7,25,2,0,5,1,0,3,1,0,1,0.0,1,1,3,2,5
2020-07-28 00:00:00-04:00,45,7,25,2,0,5,1,0,3,1,0,1,0.0,1,1,3,2,5
2020-07-29 00:00:00-04:00,45,7,25,2,0,5,1,0,3,1,0,1,0.0,1,1,3,2,5
2020-07-30 00:00:00-04:00,43,6,23,2,0,5,1,0,3,1,0,1,0.0,1,1,3,2,5
2020-07-31 00:00:00-04:00,43,6,23,2,0,5,1,0,3,1,0,1,0.0,1,1,3,2,5
2020-08-01 00:00:00-04:00,40,5,21,2,0,5,1,0,3,1,0,1,0.0,1,1,3,1,4
2020-08-02 00:00:00-04:00,37,4,19,2,0,4,1,0,3,1,0,1,0.0,1,1,3,1,4
2020-08-03 00:00:00-04:00,36,4,18,2,0,4,1,0,3,1,0,1,0.0,1,1,3,1,3
2020-08-04 00:00:00-04:00,36,4,18,2,0,4,1,0,3,1,0,1,0.0,1,1,3,1,3
2020-08-05 00:00:00-04:00,36,4,18,2,0,4,1,0,3,1,0,1,0.0,1,1,3,1,3
2020-08-06 00:00:00-04:00,37,5,19,2,0,4,1,0,3,1,0,1,0.0,1,1,3,1,3
2020-08-07 00:00:00-04:00,37,5,19,2,0,4,1,0,3,1,0,1,0.0,1,1,3,1,3
2020-08-08 00:00:00-04:00,37,5,18,3,0,4,1,0,3,1,0,1,0.0,2,1,3,1,2
2020-08-09 00:00:00-04:00,39,5,20,3,0,4,1,0,3,1,0,1,0.0,2,1,3,3,4
2020-08-10 00:00:00-04:00,39,5,20,3,0,4,1,0,3,1,0,1,0.0,2,1,3,3,4
2020-08-11 00:00:00-04:00,39,5,20,3,0,4,1,0,3,1,0,1,0.0,2,1,3,3,4
2020-08-12 00:00:00-04:00,39,5,20,3,0,4,1,0,3,1,0,1,0.0,2,1,3,3,4
2020-08-13 00:00:00-04:00,39,5,20,3,0,4,1,0,3,1,0,1,0.0,2,1,3,3,4
2020-08-14 00:00:00-04:00,39,5,20,3,0,4,1,0,3,1,0,1,0.0,2,1,3,3,4
2020-08-15 00:00:00-04:00,39,5,20,3,0,4,1,0,3,1,0,1,0.0,2,1,3,3,4
2020-08-16 00:00:00-04:00,39,5,20,3,0,4,1,0,3,1,0,1,0.0,2,1,3,3,4
2020-08-17 00:00:00-04:00,39,5,20,3,0,4,1,0,3,1,0,1,0.0,2,1,3,3,4
2020-08-18 00:00:00-04:00,39,5,20,3,0,4,1,0,3,1,0,1,0.0,2,1,3,3,4
2020-08-19 00:00:00-04:00,39,5,20,3,0,4,1,0,3,1,0,0,0.0,2,1,3,3,4
2020-08-20 00:00:00-04:00,39,5,20,3,0,4,1,0,3,1,0,0,0.0,2,1,3,3,4
2020-08-21 00:00:00-04:00,38,4,19,3,0,4,1,0,3,1,0,0,0.0,2,1,3,3,4
2020-08-22 00:00:00-04:00,38,4,19,3,0,4,1,0,3,1,0,0,0.0,2,1,3,3,4
2020-08-23 00:00:00-04:00,38,4,19,3,0,4,1,0,3,1,0,0,0.0,2,1,3,3,4
2020-08-24 00:00:00-04:00,38,4,19,3,0,4,1,0,3,1,0,0,0.0,2,1,3,3,4
2020-08-25 00:00:00-04:00,38,4,19,3,0,4,1,0,3,1,0,0,0.0,2,1,3,3,4
2020-08-26 00:00:00-04:00,38,4,19,3,0,4,1,0,3,1,0,0,0.0,2,1,3,3,4
2020-08-27 00:00:00-04:00,38,4,19,3,0,4,1,0,3,1,0,0,0.0,2,1,3,3,4
2020-08-28 00:00:00-04:00,37,4,19,3,0,4,1,0,3,1,0,0,0.0,2,1,3,3,4
2020-08-29 00:00:00-04:00,37,4,19,3,0,4,1,0,3,1,0,0,0.0,2,1,3,3,4
2020-08-30 00:00:00-04:00,37,4,19,3,0,4,1,0,3,1,0,0,0.0,2,1,3,3,4
2020-08-31 00:00:00-04:00,37,4,19,3,0,4,1,0,3,1,0,0,0.0,2,1,3,3,4
2020-09-01 00:00:00-04:00,37,4,19,3,0,4,1,0,3,1,0,0,0.0,2,1,3,3,4
2020-09-02 00:00:00-04:00,39,5,20,3,0,5,1,0,3,1,0,0,0.0,2,1,3,3,4
2020-09-03 00:00:00-04:00,38,5,20,3,0,4,1,0,3,1,0,0,0.0,2,1,3,3,4
2020-09-04 00:00:00-04:00,38,5,20,3,0,4,1,0,3,1,0,0,0.0,2,1,3,3,4
2020-09-05 00:00:00-04:00,38,5,20,3,0,4,1,0,3,1,0,0,0.0,2,1,3,3,4
2020-09-06 00:00:00-04:00,38,5,20,3,0,4,1,0,3,1,0,0,0.0,2,1,3,3,4
2020-09-07 00:00:00-04:00,38,5,20,3,0,4,1,0,3,1,0,0,0.0,2,1,3,3,4
2020-09-08 00:00:00-04:00,38,5,20,3,0,4,1,0,3,1,0,0,0.0,2,1,3,3,4
2020-09-09 00:00:00-04:00,38,5,20,3,0,4,1,0,3,1,0,0,0.0,2,1,3,3,4
2020-09-10 00:00:00-04:00,37,5,20,3,0,4,1,0,3,1,0,0,0.0,2,1,3,3,4
2020-09-11 00:00:00-04:00,38,5,20,4,0,5,1,0,3,1,0,0,0.0,2,1,3,3,4
2020-09-12 00:00:00-04:00,38,4,20,4,0,5,1,0,3,1,0,0,0.0,2,1,3,3,4
2020-09-13 00:00:00-04:00,38,4,20,4,0,5,1,0,3,1,0,0,0.0,2,1,3,3,4
2020-09-14 00:00:00-04:00,37,4,19,4,0,5,1,0,3,1,0,0,0.0,2,1,3,3,4
2020-09-15 00:00:00-04:00,37,4,19,4,0,5,1,0,3,1,0,0,0.0,2,1,3,3,4
2020-09-16 00:00:00-04:00,37,4,19,4,0,5,1,0,3,1,0,0,0.0,2,1,3,3,4
2020-09-17 00:00:00-04:00,37,4,19,4,0,5,1,0,3,1,0,0,0.0,2,1,3,3,4
2020-09-18 00:00:00-04:00,36,4,18,4,0,5,1,0,3,1,0,0,0.0,2,1,2,3,4
2020-09-19 00:00:00-04:00,35,4,18,4,0,5,1,0,3,1,0,0,0.0,2,1,2,3,4
2020-09-20 00:00:00-04:00,35,4,18,4,0,5,1,0,3,1,0,0,0.0,2,1,2,3,4
2020-09-21 00:00:00-04:00,35,4,18,4,0,5,1,0,3,1,0,0,0.0,2,1,2,3,4
2020-09-22 00:00:00-04:00,35,4,18,4,0,5,1,0,3,1,0,0,0.0,2,1,2,3,4
2020-09-23 00:00:00-04:00,35,4,18,4,0,5,1,0,3,1,0,0,0.0,2,1,2,3,4
2020-09-24 00:00:00-04:00,35,4,18,4,0,5,1,0,3,1,0,0,0.0,2,1,2,3,4
2020-09-25 00:00:00-04:00,35,4,18,4,0,5,1,0,3,1,0,0,0.0,2,1,2,3,4
2020-09-26 00:00:00-04:00,35,4,18,4,0,5,1,0,3,1,0,0,0.0,2,1,2,3,4
2020-09-27 00:00:00-04:00,35,4,18,4,0,5,1,0,3,1,0,0,0.0,2,1,2,3,4
2020-09-28 00:00:00-04:00,35,4,18,4,0,5,1,0,3,1,0,0,0.0,2,1,2,3,4
2020-09-29 00:00:00-04:00,35,4,18,4,0,5,1,0,3,1,0,0,0.0,2,1,2,3,4
2020-09-30 00:00:00-04:00,35,4,18,4,0,5,1,0,3,1,0,0,0.0,2,1,2,3,4
2020-10-01 00:00:00-04:00,34,3,17,4,0,5,1,0,3,1,0,0,0.0,2,1,2,3,4
2020-10-02 00:00:00-04:00,35,3,17,4,0,6,1,0,3,1,0,0,0.0,2,1,2,3,4
2020-10-03 00:00:00-04:00,36,3,17,4,0,7,1,0,3,1,0,0,0.0,2,1,2,3,4
2020-10-04 00:00:00-04:00,36,3,17,4,0,7,1,0,3,1,0,0,0.0,2,1,2,3,4
2020-10-05 00:00:00-04:00,36,3,17,4,0,7,1,0,3,1,0,0,0.0,2,1,2,3,4
2020-10-06 00:00:00-04:00,36,3,17,4,0,7,1,0,3,1,0,0,0.0,2,1,2,3,4
2020-10-07 00:00:00-04:00,36,3,17,4,0,7,1,0,3,1,0,0,0.0,2,1,2,3,4
2020-10-08 00:00:00-04:00,35,3,16,4,0,7,1,0,3,1,0,0,0.0,2,1,2,2,3
2020-10-09 00:00:00-04:00,35,3,16,4,0,7,1,0,3,1,0,0,0.0,2,1,2,2,3
2020-10-10 00:00:00-04:00,35,3,16,4,0,7,1,0,3,1,0,0,0.0,2,1,2,2,3
2020-10-11 00:00:00-04:00,35,3,16,4,0,7,1,0,3,1,0,0,0.0,2,1,2,2,3
2020-10-12 00:00:00-04:00,35,3,16,4,0,7,1,0,3,1,0,0,0.0,2,1,2,2,3
2020-10-13 00:00:00-04:00,34,3,16,3,0,6,1,0,3,1,0,0,0.0,2,1,2,2,3
2020-10-14 00:00:00-04:00,34,3,16,3,0,6,1,0,3,1,0,0,0.0,2,1,2,2,3
2020-10-15 00:00:00-04:00,34,3,16,3,0,6,1,0,3,1,0,0,0.0,2,1,2,2,3
2020-10-16 00:00:00-04:00,35,3,16,3,0,6,1,0,3,1,0,0,0.0,2,2,2,2,3
2020-10-17 00:00:00-04:00,34,3,16,3,0,6,1,0,3,1,0,0,0.0,2,2,2,2,3
2020-10-18 00:00:00-04:00,33,3,16,3,0,5,1,0,3,1,0,0,0.0,2,2,2,2,3
2020-10-19 00:00:00-04:00,33,3,16,3,0,5,1,0,3,1,0,0,0.0,2,2,2,2,3
2020-10-20 00:00:00-04:00,35,3,17,3,0,5,1,0,3,1,0,0,0.0,2,2,2,2,3
2020-10-21 00:00:00-04:00,35,3,17,3,0,5,1,0,3,1,0,0,0.0,2,2,2,2,3
2020-10-22 00:00:00-04:00,35,3,17,3,0,5,1,0,3,1,0,0,0.0,2,2,2,2,3
2020-10-23 00:00:00-04:00,35,3,17,3,0,5,1,0,3,1,0,0,0.0,2,2,2,2,3
2020-10-24 00:00:00-04:00,35,3,17,3,0,5,1,0,3,1,0,0,0.0,2,2,2,2,3
2020-10-25 00:00:00-04:00,35,3,17,3,0,5,1,0,3,1,0,0,0.0,2,2,2,2,3
2020-10-26 00:00:00-04:00,35,3,17,3,0,5,1,0,3,1,0,0,0.0,2,2,2,2,3
2020-10-27 00:00:00-04:00,35,3,17,3,0,5,1,0,3,1,0,0,0.0,2,2,2,2,3
2020-10-28 00:00:00-04:00,35,3,17,3,0,5,1,0,3,1,0,0,0.0,2,2,2,2,3
2020-10-29 00:00:00-04:00,35,3,17,3,0,5,1,0,3,1,0,0,0.0,2,2,2,2,3
2020-10-30 00:00:00-04:00,36,3,17,3,0,5,1,0,3,1,0,0,0.0,2,2,2,2,3
2020-10-31 00:00:00-04:00,36,3,17,3,0,5,1,0,3,1,0,0,0.0,2,2,2,2,3
2020-11-01 00:00:00-04:00,34,2,16,3,0,5,1,0,3,1,0,0,0.0,2,2,2,2,3
2020-11-02 00:00:00-05:00,34,2,16,3,0,5,1,0,3,1,0,0,0.0,2,2,2,2,3
2020-11-03 00:00:00-05:00,33,2,15,3,0,5,1,0,3,1,0,0,0.0,2,2,2,2,3
2020-11-04 00:00:00-05:00,33,2,15,3,0,5,1,0,3,1,0,0,0.0,2,2,2,2,3
2020-11-05 00:00:00-05:00,33,2,15,3,0,5,1,0,3,1,0,0,0.0,2,2,2,2,3
2020-11-06 00:00:00-05:00,32,2,15,3,0,4,1,0,3,1,0,0,0.0,2,2,1,2,3
2020-11-07 00:00:00-05:00,32,2,15,3,0,4,1,0,3,1,0,0,0.0,2,2,1,2,3
2020-11-08 00:00:00-05:00,34,2,14,3,0,4,1,0,5,1,0,0,0.0,2,2,1,2,3
2020-11-09 00:00:00-05:00,30,2,12,3,0,4,1,0,4,1,0,0,0.0,2,2,1,2,3
2020-11-10 00:00:00-05:00,31,3,13,3,0,4,1,0,4,1,0,0,0.0,2,2,1,2,3
2020-11-11 00:00:00-05:00,31,3,13,3,0,4,1,0,4,1,0,0,0.0,2,2,1,2,3
2020-11-12 00:00:00-05:00,31,3,13,3,0,4,1,0,4,1,0,0,0.0,2,2,1,2,3
2020-11-13 00:00:00-05:00,31,3,13,3,0,4,1,0,4,1,0,0,0.0,2,2,1,2,3
2020-11-14 00:00:00-05:00,31,3,13,3,0,4,1,0,4,1,0,0,0.0,2,2,1,2,3
2020-11-15 00:00:00-05:00,31,3,13,3,0,4,1,0,4,1,0,0,0.0,2,2,1,2,3
2020-11-16 00:00:00-05:00,31,3,13,3,0,4,1,0,4,1,0,0,0.0,2,2,1,2,3
2020-11-17 00:00:00-05:00,31,3,13,3,0,4,1,0,4,1,0,0,0.0,2,2,1,2,3
2020-11-18 00:00:00-05:00,32,3,13,3,0,4,1,0,4,1,0,0,0.0,2,2,1,2,3
2020-11-19 00:00:00-05:00,32,3,13,3,0,4,1,0,4,1,0,0,0.0,2,2,1,2,3
2020-11-20 00:00:00-05:00,32,3,13,3,0,4,1,0,4,1,0,0,0.0,2,2,1,2,3
2020-11-21 00:00:00-05:00,32,3,13,3,0,4,1,0,4,1,0,0,0.0,2,2,1,2,3
2020-11-22 00:00:00-05:00,31,3,13,3,0,3,1,0,4,1,0,0,0.0,2,2,1,2,3
2020-11-23 00:00:00-05:00,31,3,13,3,0,3,1,0,4,1,0,0,0.0,2,2,1,2,3
2020-11-24 00:00:00-05:00,31,3,13,3,0,3,1,0,4,1,0,0,0.0,2,2,1,2,3
2020-11-25 00:00:00-05:00,31,3,13,3,0,3,1,0,4,1,0,0,0.0,2,2,1,2,3
2020-11-26 00:00:00-05:00,31,3,13,3,0,3,1,0,4,1,0,0,0.0,2,2,1,2,3
2020-11-27 00:00:00-05:00,31,3,13,3,0,3,1,0,4,1,0,0,0.0,2,2,1,2,3
2020-11-28 00:00:00-05:00,32,3,14,3,0,3,1,0,4,1,0,0,0.0,2,2,1,2,3
2020-11-29 00:00:00-05:00,32,3,14,3,0,3,1,0,4,1,0,0,0.0,2,2,1,2,3
2020-11-30 00:00:00-05:00,32,3,14,3,0,3,1,0,4,1,0,0,0.0,2,2,1,2,3
2020-12-01 00:00:00-05:00,32,3,14,3,0,3,1,0,4,1,0,0,0.0,2,2,1,2,3
2020-12-02 00:00:00-05:00,32,3,14,3,0,3,1,0,4,1,0,0,0.0,2,2,1,2,3
2020-12-03 00:00:00-05:00,32,3,14,3,0,3,1,0,4,1,0,0,0.0,2,2,1,2,3
2020-12-04 00:00:00-05:00,32,3,14,3,0,3,1,0,4,1,0,0,0.0,2,2,1,2,3
2020-12-05 00:00:00-05:00,32,3,14,3,0,3,1,0,4,1,0,0,0.0,2,2,1,2,3
2020-12-06 00:00:00-05:00,32,3,14,3,0,3,1,0,4,1,0,0,0.0,2,2,1,2,3
2020-12-07 00:00:00-05:00,32,3,14,3,0,3,1,0,4,1,0,0,0.0,2,2,1,2,3
2020-12-08 00:00:00-05:00,32,3,14,3,0,3,1,0,4,1,0,0,0.0,2,2,1,2,3
2020-12-09 00:00:00-05:00,32,3,14,3,0,3,1,0,4,1,0,0,0.0,2,2,1,2,3
2020-12-10 00:00:00-05:00,31,3,14,3,0,3,1,0,3,1,0,0,0.0,2,2,1,2,3
2020-12-11 00:00:00-05:00,31,3,14,3,0,3,1,0,3,1,0,0,0.0,2,2,1,2,3
2020-12-12 00:00:00-05:00,29,3,14,3,0,3,1,0,3,1,0,0,0.0,2,1,1,2,3
2020-12-13 00:00:00-05:00,29,3,14,3,0,3,1,0,3,1,0,0,0.0,2,1,1,2,3
2020-12-14 00:00:00-05:00,29,3,14,3,0,3,1,0,3,1,0,0,0.0,2,1,1,2,3
2020-12-15 00:00:00-05:00,29,3,14,3,0,3,1,0,3,1,0,0,0.0,2,1,1,2,3
2020-12-16 00:00:00-05:00,29,3,14,3,0,3,1,0,3,1,0,0,0.0,2,1,1,2,3
2020-12-17 00:00:00-05:00,29,3,14,3,0,3,1,0,3,1,0,0,0.0,2,1,1,2,3
2020-12-18 00:00:00-05:00,29,3,14,3,0,3,1,0,3,1,0,0,0.0,2,1,1,2,3
2020-12-19 00:00:00-05:00,26,2,12,3,0,3,1,0,3,1,0,0,0.0,2,1,1,2,3
2020-12-20 00:00:00-05:00,26,2,12,3,0,3,1,0,3,1,0,0,0.0,2,1,1,2,3
2020-12-21 00:00:00-05:00,26,2,12,3,0,3,1,0,3,1,0,0,0.0,2,1,1,2,3
2020-12-22 00:00:00-05:00,26,2,12,3,0,3,1,0,3,1,0,0,0.0,2,1,1,2,3
2020-12-23 00:00:00-05:00,26,2,12,3,0,3,1,0,3,1,0,0,0.0,2,1,1,2,3
2020-12-24 00:00:00-05:00,26,2,12,3,0,3,1,0,3,1,0,0,0.0,2,1,1,2,3
2020-12-25 00:00:00-05:00,26,2,12,3,0,3,1,0,3,1,0,0,0.0,2,1,1,2,3
2020-12-26 00:00:00-05:00,26,2,12,3,0,3,1,0,3,1,0,0,0.0,2,1,1,2,3
2020-12-27 00:00:00-05:00,26,2,12,3,0,3,1,0,3,1,0,0,0.0,2,1,1,2,3
2020-12-28 00:00:00-05:00,26,2,12,3,0,3,1,0,3,1,0,0,0.0,2,1,1,2,3
2020-12-29 00:00:00-05:00,26,2,12,3,0,3,1,0,3,1,0,0,0.0,2,1,1,2,3
2020-12-30 00:00:00-05:00,27,3,13,3,0,3,1,0,3,1,0,0,0.0,2,1,1,2,3
2020-12-31 00:00:00-05:00,27,3,13,3,0,3,1,0,3,1,0,0,0.0,2,1,1,2,3
2021-01-01 00:00:00-05:00,26,2,12,3,0,3,1,0,3,1,0,0,0.0,2,1,1,2,3
2021-01-02 00:00:00-05:00,22,2,10,2,0,3,1,0,3,1,0,0,0.0,1,1,1,2,3
2021-01-03 00:00:00-05:00,22,2,10,2,0,3,1,0,3,1,0,0,0.0,1,1,1,2,3
2021-01-04 00:00:00-05:00,22,2,10,2,0,3,1,0,3,1,0,0,0.0,1,1,1,2,3
2021-01-05 00:00:00-05:00,22,2,10,2,0,3,1,0,3,1,0,0,0.0,1,1,1,2,3
2021-01-06 00:00:00-05:00,22,2,10,2,0,3,1,0,3,1,0,0,0.0,1,1,1,2,3
2021-01-07 00:00:00-05:00,22,2,10,2,0,3,1,0,3,1,0,0,0.0,1,1,1,2,3
2021-01-08 00:00:00-05:00,22,2,10,2,0,3,1,0,3,1,0,0,0.0,1,1,1,2,3
2021-01-09 00:00:00-05:00,22,2,10,2,0,3,1,0,3,1,0,0,0.0,1,1,1,2,3
2021-01-10 00:00:00-05:00,22,2,10,2,0,3,1,0,3,1,0,0,0.0,1,1,1,2,3
2021-01-11 00:00:00-05:00,22,2,10,2,0,3,1,0,3,1,0,0,0.0,1,1,1,2,3
2021-01-12 00:00:00-05:00,22,2,10,2,0,3,1,0,3,1,0,0,0.0,1,1,1,2,3
2021-01-13 00:00:00-05:00,22,2,10,2,0,3,1,0,3,1,0,0,0.0,1,1,1,2,3
2021-01-14 00:00:00-05:00,22,2,10,2,0,3,1,0,3,1,0,0,0.0,1,1,1,2,3
2021-01-15 00:00:00-05:00,22,2,10,2,0,3,1,0,3,1,0,0,0.0,1,1,1,2,3
2021-01-16 00:00:00-05:00,22,2,10,2,0,3,1,0,3,1,0,0,0.0,1,1,1,2,3
2021-01-17 00:00:00-05:00,22,2,10,2,0,3,1,0,3,1,0,0,0.0,1,1,1,2,3
2021-01-18 00:00:00-05:00,22,2,10,2,0,3,1,0,3,1,0,0,0.0,1,1,1,2,3
2021-01-19 00:00:00-05:00,22,2,10,2,0,3,1,0,3,1,0,0,0.0,1,1,1,2,3
2021-01-20 00:00:00-05:00,22,2,10,2,0,3,1,0,3,1,0,0,0.0,1,1,1,2,3
2021-01-21 00:00:00-05:00,22,2,10,2,0,3,1,0,3,1,0,0,0.0,1,1,1,2,3
2021-01-22 00:00:00-05:00,22,2,10,2,0,3,1,0,3,1,0,0,0.0,1,1,1,2,3
2021-01-23 00:00:00-05:00,22,2,10,2,0,3,1,0,3,1,0,0,0.0,1,1,1,2,3
2021-01-24 00:00:00-05:00,22,2,10,2,0,3,1,0,3,1,0,0,0.0,1,1,1,2,3
2021-01-25 00:00:00-05:00,22,2,10,2,0,3,1,0,3,1,0,0,0.0,1,1,1,2,3
2021-01-26 00:00:00-05:00,22,2,10,2,0,3,1,0,3,1,0,0,0.0,1,1,1,2,3
2021-01-27 00:00:00-05:00,22,2,10,2,0,3,1,0,3,1,0,0,0.0,1,1,1,2,3
2021-01-28 00:00:00-05:00,22,2,10,2,0,3,1,0,3,1,0,0,0.0,1,1,1,2,3
2021-01-29 00:00:00-05:00,22,2,10,2,0,3,1,0,3,1,0,0,0.0,1,1,1,2,3
2021-01-30 00:00:00-05:00,22,2,10,2,0,3,1,0,3,1,0,0,0.0,1,1,1,2,3
2021-01-31 00:00:00-05:00,22,2,10,2,0,3,1,0,3,1,0,0,0.0,1,1,1,2,3
2021-02-01 00:00:00-05:00,22,2,10,2,0,3,1,0,3,1,0,0,0.0,1,1,1,2,3
2021-02-02 00:00:00-05:00,22,2,10,2,0,3,1,0,3,1,0,0,0.0,1,1,1,2,3
2021-02-03 00:00:00-05:00,22,2,10,2,0,3,1,0,3,1,0,0,0.0,1,1,1,2,3
2021-02-04 00:00:00-05:00,22,2,10,2,0,3,1,0,3,1,0,0,0.0,1,1,1,2,3
2021-02-05 00:00:00-05:00,22,2,10,2,0,3,1,0,3,1,0,0,0.0,1,1,1,2,3
2021-02-06 00:00:00-05:00,22,2,10,2,0,3,1,0,3,1,0,0,0.0,1,1,1,2,3
2021-02-07 00:00:00-05:00,22,2,10,2,0,3,1,0,3,1,0,0,0.0,1,1,1,2,3
2021-02-08 00:00:00-05:00,22,2,10,2,0,3,1,0,3,1,0,0,0.0,1,1,1,2,3
2021-02-09 00:00:00-05:00,22,2,10,2,0,3,1,0,3,1,0,0,0.0,1,1,1,2,3
2021-02-10 00:00:00-05:00,22,2,10,2,0,3,1,0,3,1,0,0,0.0,1,1,1,2,3
2021-02-11 00:00:00-05:00,22,2,10,2,0,3,1,0,3,1,0,0,0.0,1,1,1,2,3
2021-02-12 00:00:00-05:00,22,2,10,2,0,3,1,0,3,1,0,0,0.0,1,1,1,2,3
2021-02-13 00:00:00-05:00,22,2,10,2,0,3,1,0,3,1,0,0,0.0,1,1,1,2,3
2021-02-14 00:00:00-05:00,22,2,10,2,0,3,1,0,3,1,0,0,0.0,1,1,1,2,3
2021-02-15 00:00:00-05:00,22,2,10,2,0,3,1,0,3,1,0,0,0.0,1,1,1,2,3
2021-02-16 00:00:00-05:00,23,2,10,2,0,3,1,0,3,1,0,0,0.0,1,2,1,2,3
2021-02-17 00:00:00-05:00,23,2,10,2,0,3,1,0,3,1,0,0,0.0,1,2,1,2,3
2021-02-18 00:00:00-05:00,23,2,10,2,0,3,1,0,3,1,0,0,0.0,1,2,1,2,3
2021-02-19 00:00:00-05:00,25,3,11,2,0,3,1,0,3,1,0,0,0.0,2,2,1,2,3
2021-02-20 00:00:00-05:00,26,3,11,2,0,3,1,0,3,1,0,0,0.0,2,2,1,2,3
2021-02-21 00:00:00-05:00,26,3,11,2,0,3,1,0,3,1,0,0,0.0,2,2,1,2,3
2021-02-22 00:00:00-05:00,28,4,13,2,0,3,1,0,3,1,0,0,0.0,2,2,1,2,3
2021-02-23 00:00:00-05:00,30,5,14,2,0,4,1,0,3,1,0,0,0.0,2,2,1,2,3
2021-02-24 00:00:00-05:00,30,5,14,2,0,4,1,0,3,1,0,0,0.0,2,2,1,2,3
2021-02-25 00:00:00-05:00,31,5,14,2,0,4,1,0,3,1,0,1,0.0,2,2,1,2,3
2021-02-26 00:00:00-05:00,31,5,14,2,0,4,1,0,3,1,0,1,0.0,2,2,1,2,3
2021-02-27 00:00:00-05:00,32,5,14,2,0,5,1,0,3,1,0,1,0.0,2,2,1,2,3
2021-02-28 00:00:00-05:00,32,5,14,2,0,5,1,0,3,1,0,1,0.0,2,2,1,2,3
2021-03-01 00:00:00-05:00,32,5,14,2,0,5,1,0,3,1,0,1,0.0,2,2,1,2,3
2021-03-02 00:00:00-05:00,32,5,14,2,0,5,1,0,3,1,0,1,0.0,2,2,1,2,3
2021-03-03 00:00:00-05:00,32,5,14,2,0,5,1,0,3,1,0,1,0.0,2,2,1,2,3
2021-03-04 00:00:00-05:00,32,5,14,2,0,5,1,0,3,1,0,1,0.0,2,2,1,2,3
2021-03-05 00:00:00-05:00,32,5,14,2,0,5,1,0,3,1,0,1,0.0,2,2,1,2,3
2021-03-06 00:00:00-05:00,32,5,14,2,0,5,1,0,3,1,0,1,0.0,2,2,1,2,3
2021-03-07 00:00:00-05:00,32,5,14,2,0,5,1,0,3,1,0,1,0.0,2,2,1,2,3
2021-03-08 00:00:00-05:00,32,5,14,2,0,5,1,0,3,1,0,1,0.0,2,2,1,2,3
2021-03-09 00:00:00-05:00,32,5,14,2,0,5,1,0,3,1,0,1,0.0,2,2,1,2,3
2021-03-10 00:00:00-05:00,32,5,14,2,0,5,1,0,3,1,0,1,0.0,2,2,1,2,3
2021-03-11 00:00:00-05:00,32,5,14,2,0,5,1,0,3,1,0,1,0.0,2,2,1,2,3
2021-03-12 00:00:00-05:00,32,5,14,2,0,5,1,0,3,1,0,1,0.0,2,2,1,2,3
2021-03-13 00:00:00-05:00,33,5,14,2,0,6,1,0,3,1,0,1,0.0,2,2,1,2,3
2021-03-14 00:00:00-05:00,33,5,14,2,0,6,1,0,3,1,0,1,0.0,2,2,1,2,3
2021-03-15 00:00:00-04:00,33,5,14,2,0,6,1,0,3,1,0,1,0.0,2,2,1,2,3
2021-03-16 00:00:00-04:00,33,5,14,2,0,6,1,0,3,1,0,1,0.0,2,2,1,2,3
2021-03-17 00:00:00-04:00,33,5,14,2,0,6,1,0,3,1,0,1,0.0,2,2,1,2,3
2021-03-18 00:00:00-04:00,33,5,14,2,0,6,1,0,3,1,0,1,0.0,2,2,1,2,3
2021-03-19 00:00:00-04:00,33,5,14,2,0,6,1,0,3,1,0,1,0.0,2,2,1,2,3
2021-03-20 00:00:00-04:00,33,5,14,2,0,6,1,0,3,1,0,1,0.0,2,2,1,2,3
2021-03-21 00:00:00-04:00,33,5,14,2,0,6,1,0,3,1,0,1,0.0,2,2,1,2,3
2021-03-22 00:00:00-04:00,33,5,14,2,0,6,1,0,3,1,0,1,0.0,2,2,1,2,3
2021-03-23 00:00:00-04:00,36,7,16,2,0,6,1,0,3,1,0,1,0.0,2,2,1,2,3
2021-03-24 00:00:00-04:00,36,7,16,2,0,6,1,0,3,1,0,1,0.0,2,2,1,2,3
2021-03-25 00:00:00-04:00,37,8,17,2,0,6,1,0,3,1,0,1,0.0,2,2,1,2,3
2021-03-26 00:00:00-04:00,37,8,17,2,0,6,1,0,3,1,0,1,0.0,2,2,1,2,3
2021-03-27 00:00:00-04:00,37,8,17,2,0,6,1,0,3,1,0,1,0.0,2,2,1,2,3
2021-03-28 00:00:00-04:00,37,8,17,2,0,6,1,0,3,1,0,1,0.0,2,2,1,2,3
2021-03-29 00:00:00-04:00,37,8,17,2,0,6,1,0,3,1,0,1,0.0,2,2,1,2,3
2021-03-30 00:00:00-04:00,38,9,18,2,0,6,1,0,3,1,0,1,0.0,2,2,1,2,3
2021-03-31 00:00:00-04:00,39,10,19,2,0,6,1,0,3,1,0,1,0.0,2,2,1,2,3
2021-04-01 00:00:00-04:00,40,10,20,2,0,6,1,0,3,1,0,1,0.0,2,2,1,2,3
2021-04-02 00:00:00-04:00,40,10,20,2,0,6,1,0,3,1,0,1,0.0,2,2,1,2,3
2021-04-03 00:00:00-04:00,41,11,21,2,0,6,1,0,3,1,0,1,0.0,2,2,1,2,3
2021-04-04 00:00:00-04:00,41,11,21,2,0,6,1,0,3,1,0,1,0.0,2,2,1,2,3
2021-04-05 00:00:00-04:00,41,11,21,2,0,6,1,0,3,1,0,1,0.0,2,2,1,2,3
2021-04-06 00:00:00-04:00,41,11,21,2,0,6,1,0,3,1,0,1,0.0,2,2,1,2,3
2021-04-07 00:00:00-04:00,41,11,21,2,0,6,1,0,3,1,0,1,0.0,2,2,1,2,3
2021-04-08 00:00:00-04:00,41,11,21,2,0,6,1,0,3,1,0,1,0.0,2,2,1,2,3
2021-04-09 00:00:00-04:00,42,12,22,2,0,6,1,0,3,1,0,1,0.0,2,2,1,2,3
2021-04-10 00:00:00-04:00,41,11,21,2,0,6,1,0,3,1,0,1,0.0,2,2,1,2,3
2021-04-11 00:00:00-04:00,41,11,21,2,0,6,1,0,3,1,0,1,0.0,2,2,1,2,3
2021-04-12 00:00:00-04:00,41,11,21,2,0,6,1,0,3,1,0,1,0.0,2,2,1,2,3
2021-04-13 00:00:00-04:00,41,11,21,2,0,6,1,0,3,1,0,1,0.0,2,2,1,2,3
2021-04-14 00:00:00-04:00,41,11,21,2,0,6,1,0,3,1,0,1,0.0,2,2,1,2,3
2021-04-15 00:00:00-04:00,41,11,21,2,0,6,1,0,3,1,0,1,0.0,2,2,1,2,3
2021-04-16 00:00:00-04:00,41,11,21,2,0,6,1,0,3,1,0,1,0.0,2,2,1,2,3
2021-04-17 00:00:00-04:00,43,12,22,2,0,6,1,0,3,1,0,1,0.0,3,2,1,2,3
2021-04-18 00:00:00-04:00,42,12,22,2,0,6,1,0,3,1,0,1,0.0,2,2,1,2,3
2021-04-19 00:00:00-04:00,42,12,22,2,0,6,1,0,3,1,0,1,0.0,2,2,1,2,3
2021-04-20 00:00:00-04:00,43,12,22,2,0,6,1,1,3,1,0,1,0.0,2,2,1,2,3
2021-04-21 00:00:00-04:00,45,12,22,2,0,6,1,1,3,1,0,1,0.0,2,2,1,2,3
2021-04-22 00:00:00-04:00,44,12,22,2,0,6,1,1,3,1,0,1,0.0,2,2,1,2,3
2021-04-23 00:00:00-04:00,44,12,22,2,0,6,1,1,3,1,0,1,0.0,2,2,1,2,3
2021-04-24 00:00:00-04:00,44,12,22,2,0,5,1,1,3,1,0,1,0.0,2,2,1,2,3
2021-04-25 00:00:00-04:00,44,12,22,2,0,5,1,1,3,1,0,1,0.0,2,2,1,2,3
2021-04-26 00:00:00-04:00,44,12,22,2,0,5,1,1,3,1,0,1,0.0,2,2,1,2,3
2021-04-27 00:00:00-04:00,43,11,21,2,0,5,1,1,3,1,0,1,0.0,2,2,1,2,3
2021-04-28 00:00:00-04:00,43,10,20,2,0,6,1,1,3,1,0,1,0.0,2,2,1,2,3
2021-04-29 00:00:00-04:00,43,10,20,2,0,6,1,1,3,1,0,1,0.0,2,2,1,2,3
2021-04-30 00:00:00-04:00,42,9,19,2,0,6,1,1,3,1,0,1,0.0,2,2,1,2,3
2021-05-01 00:00:00-04:00,42,9,19,2,0,6,1,1,3,1,0,1,0.0,2,2,1,2,3
2021-05-02 00:00:00-04:00,42,9,19,2,0,6,1,1,3,1,0,1,0.0,2,2,1,2,3
2021-05-03 00:00:00-04:00,42,9,19,2,0,6,1,1,3,1,0,1,0.0,2,2,1,2,3
2021-05-04 00:00:00-04:00,44,10,20,2,0,6,1,1,3,1,0,1,0.0,2,2,1,2,3
2021-05-05 00:00:00-04:00,45,10,21,2,0,6,1,1,3,1,0,1,0.0,2,2,1,3,4
2021-05-06 00:00:00-04:00,43,9,20,2,0,6,1,1,3,1,0,1,0.0,2,2,1,3,4
2021-05-07 00:00:00-04:00,44,9,21,2,0,6,1,1,3,1,0,1,0.0,2,2,1,3,4
2021-05-08 00:00:00-04:00,45,9,20,2,0,6,1,1,3,1,0,1,0.0,2,2,1,3,4
2021-05-09 00:00:00-04:00,45,9,20,2,0,6,1,1,3,1,0,1,0.0,2,2,1,3,4
2021-05-10 00:00:00-04:00,45,9,20,2,0,6,1,1,3,1,0,1,0.0,2,2,1,3,4
2021-05-11 00:00:00-04:00,45,9,20,2,0,6,1,1,3,1,0,1,0.0,2,2,1,3,4
2021-05-12 00:00:00-04:00,46,9,20,2,0,6,1,1,3,1,0,1,0.0,2,2,1,3,4
2021-05-13 00:00:00-04:00,46,9,20,2,0,6,1,1,3,1,0,1,0.0,2,2,1,3,4
2021-05-14 00:00:00-04:00,46,9,20,2,0,6,1,1,3,1,0,1,0.0,2,2,1,3,4
2021-05-15 00:00:00-04:00,45,9,21,2,0,6,1,1,3,1,0,1,0.0,1,2,1,3,4
2021-05-16 00:00:00-04:00,43,9,20,2,0,6,1,1,3,1,0,1,0.0,1,2,1,3,4
2021-05-17 00:00:00-04:00,43,9,20,2,0,6,1,1,3,1,0,1,0.0,1,2,1,3,4
2021-05-18 00:00:00-04:00,43,9,20,2,0,6,1,1,3,1,0,1,0.0,1,2,1,3,4
2021-05-19 00:00:00-04:00,45,12,22,2,0,6,1,1,3,1,0,1,0.0,1,2,1,2,3
2021-05-20 00:00:00-04:00,44,11,21,2,0,6,1,1,3,1,0,1,0.0,1,2,1,2,3
2021-05-21 00:00:00-04:00,44,11,21,2,0,6,1,1,3,1,0,1,0.0,1,2,1,2,3
2021-05-22 00:00:00-04:00,44,11,21,2,0,6,1,1,3,1,0,1,0.0,1,2,1,2,3
2021-05-23 00:00:00-04:00,43,10,20,2,0,6,1,1,3,1,0,1,0.0,1,2,1,2,3
2021-05-24 00:00:00-04:00,43,10,20,2,0,6,1,1,3,1,0,1,0.0,1,2,1,2,3
2021-05-25 00:00:00-04:00,43,10,20,2,0,6,1,1,3,1,0,1,0.0,1,2,1,2,3
2021-05-26 00:00:00-04:00,44,11,21,2,0,6,1,1,3,1,0,1,0.0,1,2,1,2,3
2021-05-27 00:00:00-04:00,44,11,21,2,0,6,1,1,3,1,0,1,0.0,1,2,1,2,3
2021-05-28 00:00:00-04:00,45,11,22,2,0,6,1,1,3,1,0,1,0.0,1,2,1,2,3
2021-05-29 00:00:00-04:00,45,11,22,2,0,6,1,1,3,1,0,1,0.0,1,2,1,2,3
2021-05-30 00:00:00-04:00,45,11,22,2,0,6,1,1,3,1,0,1,0.0,1,2,1,2,3
2021-05-31 00:00:00-04:00,45,11,22,2,0,6,1,1,3,1,0,1,0.0,1,2,1,2,3
2021-06-01 00:00:00-04:00,47,11,22,2,0,6,1,1,3,1,0,1,0.0,2,2,1,2,3
2021-06-02 00:00:00-04:00,46,10,21,2,0,6,1,1,3,1,0,1,0.0,2,2,1,2,3
2021-06-03 00:00:00-04:00,47,10,21,2,0,6,1,1,3,1,0,1,0.0,2,3,1,2,3
2021-06-04 00:00:00-04:00,50,13,24,2,0,6,1,1,3,1,0,1,0.0,2,3,1,2,3
2021-06-05 00:00:00-04:00,51,13,25,2,0,6,1,1,3,1,0,1,0.0,2,3,1,2,3
2021-06-06 00:00:00-04:00,45,11,21,2,0,5,1,1,2,0,0,1,0.0,2,3,1,2,3
2021-06-07 00:00:00-04:00,45,11,21,2,0,5,1,1,2,0,0,1,0.0,2,3,1,2,3
2021-06-08 00:00:00-04:00,45,11,21,2,0,5,1,1,2,0,0,1,0.0,2,3,1,2,3
2021-06-09 00:00:00-04:00,45,11,21,2,0,5,1,1,2,0,0,1,0.0,2,3,1,2,3
2021-06-10 00:00:00-04:00,45,12,22,2,0,5,1,1,2,0,0,1,0.0,2,3,1,2,3
2021-06-11 00:00:00-04:00,47,12,22,2,0,5,1,1,2,0,0,1,0.0,3,3,1,2,3
2021-06-12 00:00:00-04:00,47,12,22,2,0,4,1,1,2,0,0,1,0.0,4,3,1,2,3
2021-06-13 00:00:00-04:00,45,12,22,2,0,4,1,1,2,0,0,1,0.0,3,2,1,2,3
2021-06-14 00:00:00-04:00,45,12,22,2,0,4,1,1,2,0,0,1,0.0,3,2,1,2,3
2021-06-15 00:00:00-04:00,45,12,22,2,0,4,1,1,2,0,0,1,0.0,3,2,1,2,3
2021-06-16 00:00:00-04:00,45,12,22,2,0,4,1,1,2,0,0,1,0.0,3,2,1,2,3
2021-06-17 00:00:00-04:00,45,12,22,2,0,4,1,1,2,0,0,1,0.0,3,2,1,2,3
2021-06-18 00:00:00-04:00,44,12,22,2,0,3,1,1,2,0,0,1,0.0,3,2,1,2,3
2021-06-19 00:00:00-04:00,44,10,21,2,0,4,1,1,2,0,0,1,0.0,3,2,1,2,3
2021-06-20 00:00:00-04:00,43,10,21,2,0,4,1,1,2,0,0,1,0.0,2,2,1,2,3
2021-06-21 00:00:00-04:00,43,10,21,2,0,4,1,1,2,0,0,1,0.0,2,2,1,2,3
2021-06-22 00:00:00-04:00,45,10,22,2,0,4,1,1,2,0,0,1,0.0,2,2,2,2,3
2021-06-23 00:00:00-04:00,47,10,22,2,0,5,1,1,2,0,0,1,0.0,3,2,2,2,3
2021-06-24 00:00:00-04:00,48,11,23,2,0,5,1,1,2,0,0,1,0.0,3,2,2,2,3
2021-06-25 00:00:00-04:00,48,11,23,2,0,5,1,1,2,0,0,1,0.0,3,2,2,2,3
2021-06-26 00:00:00-04:00,48,11,23,2,0,5,1,1,2,0,0,1,0.0,3,2,2,2,3
2021-06-27 00:00:00-04:00,48,11,23,2,0,5,1,1,2,0,0,1,0.0,3,2,2,2,3
2021-06-28 00:00:00-04:00,48,11,23,2,0,5,1,1,2,0,0,1,0.0,3,2,2,2,3
2021-06-29 00:00:00-04:00,50,11,23,2,0,5,1,1,2,0,0,1,0.0,3,2,2,2,3
2021-06-30 00:00:00-04:00,50,11,23,2,0,5,1,1,2,0,0,1,0.0,3,2,2,2,3
2021-07-01 00:00:00-04:00,50,11,23,2,0,5,1,1,2,0,0,1,0.0,3,2,2,2,3
2021-07-02 00:00:00-04:00,50,11,23,2,0,5,1,1,2,0,0,1,0.0,3,2,2,2,3
2021-07-03 00:00:00-04:00,49,11,23,2,0,5,1,1,2,0,0,1,0.0,2,2,2,2,3
2021-07-04 00:00:00-04:00,49,11,23,2,0,5,1,1,2,0,0,1,0.0,2,2,2,2,3
2021-07-05 00:00:00-04:00,49,11,23,2,0,5,1,1,2,0,0,1,0.0,2,2,2,2,3
2021-07-06 00:00:00-04:00,49,11,23,2,0,5,1,1,2,0,0,1,0.0,2,2,2,2,3
2021-07-07 00:00:00-04:00,50,12,24,2,0,5,1,1,2,0,0,1,0.0,2,2,2,2,3
2021-07-08 00:00:00-04:00,50,12,24,2,0,5,1,1,2,0,0,1,0.0,2,2,2,2,3
2021-07-09 00:00:00-04:00,50,12,24,2,0,5,1,1,2,0,0,1,0.0,2,2,2,2,3
2021-07-10 00:00:00-04:00,50,12,24,2,0,5,1,1,2,0,0,1,0.0,2,2,2,2,3
2021-07-11 00:00:00-04:00,49,11,23,2,0,5,1,1,2,0,0,1,0.0,2,2,2,2,3
2021-07-12 00:00:00-04:00,49,11,23,2,0,5,1,1,2,0,0,1,0.0,2,2,2,2,3
2021-07-13 00:00:00-04:00,50,12,24,2,0,5,1,1,2,0,0,1,0.0,2,2,2,2,3
2021-07-14 00:00:00-04:00,50,12,24,2,0,5,1,1,2,0,0,1,0.0,2,2,2,2,3
2021-07-15 00:00:00-04:00,51,13,25,2,0,5,1,1,2,0,0,1,0.0,2,2,2,2,3
2021-07-16 00:00:00-04:00,51,13,25,2,0,5,1,1,2,0,0,1,0.0,2,2,2,2,3
2021-07-17 00:00:00-04:00,51,13,25,2,0,5,1,1,2,0,0,1,0.0,2,2,2,2,3
2021-07-18 00:00:00-04:00,51,13,25,2,0,5,1,1,2,0,0,1,0.0,2,2,2,2,3
2021-07-19 00:00:00-04:00,51,13,25,2,0,5,1,1,2,0,0,1,0.0,2,2,2,2,3
2021-07-20 00:00:00-04:00,51,13,25,2,0,5,1,1,2,0,0,1,0.0,2,2,2,2,3
2021-07-21 00:00:00-04:00,51,13,25,2,0,5,1,1,2,0,0,1,0.0,2,2,2,2,3
2021-07-22 00:00:00-04:00,51,13,25,2,0,5,1,1,2,0,0,1,0.0,2,2,2,2,3
2021-07-23 00:00:00-04:00,51,13,25,2,0,5,1,1,2,0,0,1,0.0,2,2,2,2,3
2021-07-24 00:00:00-04:00,51,13,25,2,0,5,1,1,2,0,0,1,0.0,2,2,2,2,3
2021-07-25 00:00:00-04:00,51,13,25,2,0,5,1,1,2,0,0,1,0.0,2,2,2,2,3
2021-07-26 00:00:00-04:00,51,13,25,2,0,5,1,1,2,0,0,1,0.0,2,2,2,2,3
2021-07-27 00:00:00-04:00,51,13,25,2,0,5,1,1,2,0,0,1,0.0,2,2,2,2,3
2021-07-28 00:00:00-04:00,50,13,25,2,0,4,1,1,2,0,0,1,0.0,2,2,2,2,3
2021-07-29 00:00:00-04:00,50,13,25,2,0,4,1,1,2,0,0,1,0.0,2,2,2,2,3
2021-07-30 00:00:00-04:00,50,13,25,2,0,4,1,1,2,0,0,1,0.0,2,2,2,2,3
2021-07-31 00:00:00-04:00,50,13,25,2,0,4,1,1,2,0,0,1,0.0,2,2,2,2,3
2021-08-01 00:00:00-04:00,50,13,25,2,0,4,1,1,2,0,0,1,0.0,2,2,2,2,3
2021-08-02 00:00:00-04:00,50,13,25,2,0,4,1,1,2,0,0,1,0.0,2,2,2,2,3
2021-08-03 00:00:00-04:00,51,14,26,2,0,4,1,1,2,0,0,1,0.0,2,2,2,2,3
2021-08-04 00:00:00-04:00,52,14,26,2,0,4,1,1,2,0,0,1,0.0,2,2,2,2,3
2021-08-05 00:00:00-04:00,52,14,26,2,0,4,1,1,2,0,0,1,0.0,2,2,2,2,3
2021-08-06 00:00:00-04:00,52,14,26,2,0,4,1,1,2,0,0,1,0.0,2,2,2,2,3
2021-08-07 00:00:00-04:00,52,14,26,2,0,4,1,1,2,0,0,1,0.0,2,2,2,2,3
2021-08-08 00:00:00-04:00,51,13,25,2,0,4,1,1,2,0,0,1,0.0,2,2,2,2,3
2021-08-09 00:00:00-04:00,51,13,25,2,0,4,1,1,2,0,0,1,0.0,2,2,2,2,3
2021-08-10 00:00:00-04:00,52,14,26,2,0,4,1,1,2,0,0,1,0.0,2,2,2,2,3
2021-08-11 00:00:00-04:00,54,13,26,2,0,4,1,1,2,0,0,1,0.0,2,2,2,2,4
2021-08-12 00:00:00-04:00,55,14,27,2,0,4,1,1,2,0,0,1,0.0,2,2,2,2,4
2021-08-13 00:00:00-04:00,55,14,27,2,0,4,1,1,2,0,0,1,0.0,2,2,2,2,4
2021-08-14 00:00:00-04:00,54,13,26,2,0,4,1,1,2,0,0,1,0.0,2,2,2,2,4
2021-08-15 00:00:00-04:00,54,13,26,2,0,4,1,1,2,0,0,1,0.0,2,2,2,2,4
2021-08-16 00:00:00-04:00,54,13,26,2,0,4,1,1,2,0,0,1,0.0,2,2,2,2,4
2021-08-17 00:00:00-04:00,55,13,26,2,0,4,1,1,2,0,0,1,0.0,2,2,2,2,4
2021-08-18 00:00:00-04:00,55,12,25,2,0,4,1,1,2,0,0,1,0.0,2,2,2,2,4
2021-08-19 00:00:00-04:00,55,12,25,2,0,4,1,1,2,0,0,1,0.0,2,2,2,2,4
2021-08-20 00:00:00-04:00,54,11,24,2,0,4,1,1,2,0,0,1,0.0,2,2,2,2,4
2021-08-21 00:00:00-04:00,54,11,24,2,0,4,1,1,2,0,0,1,0.0,2,2,2,2,4
2021-08-22 00:00:00-04:00,54,11,24,2,0,4,1,1,2,0,0,1,0.0,2,2,2,2,4
2021-08-23 00:00:00-04:00,54,11,24,2,0,4,1,1,2,0,0,1,0.0,2,2,2,2,4
2021-08-24 00:00:00-04:00,55,12,25,2,0,4,1,1,2,0,0,1,0.0,2,2,2,2,4
2021-08-25 00:00:00-04:00,55,12,25,2,0,4,1,1,2,0,0,1,0.0,2,2,2,2,4
2021-08-26 00:00:00-04:00,55,12,25,2,0,4,1,1,2,0,0,1,0.0,2,2,2,2,4
2021-08-27 00:00:00-04:00,55,12,25,2,0,4,1,1,2,0,0,1,0.0,2,2,2,2,4
2021-08-28 00:00:00-04:00,55,12,25,2,0,4,1,1,2,0,0,1,0.0,2,2,2,2,4
2021-08-29 00:00:00-04:00,55,12,25,2,0,4,1,1,2,0,0,1,0.0,2,2,2,2,4
2021-08-30 00:00:00-04:00,55,12,25,2,0,4,1,1,2,0,0,1,0.0,2,2,2,2,4
2021-08-31 00:00:00-04:00,56,13,26,2,0,4,1,1,2,0,0,1,0.0,2,2,2,2,4
2021-09-01 00:00:00-04:00,56,13,26,2,0,4,1,1,2,0,0,1,0.0,2,2,2,2,4
2021-09-02 00:00:00-04:00,56,13,26,2,0,4,1,1,2,0,0,1,0.0,2,2,2,2,4
2021-09-03 00:00:00-04:00,56,13,26,2,0,4,1,1,2,0,0,1,0.0,2,2,2,2,4
2021-09-04 00:00:00-04:00,55,13,25,2,0,4,1,1,2,0,0,1,0.0,2,2,1,2,4
2021-09-05 00:00:00-04:00,54,13,25,2,0,4,1,1,2,0,0,1,0.0,2,2,1,2,4
2021-09-06 00:00:00-04:00,54,13,25,2,0,4,1,1,2,0,0,1,0.0,2,2,1,2,4
2021-09-07 00:00:00-04:00,54,13,25,2,0,4,1,1,2,0,0,1,0.0,2,2,1,2,4
2021-09-08 00:00:00-04:00,54,13,25,2,0,4,1,1,2,0,0,1,0.0,2,2,1,2,4
2021-09-09 00:00:00-04:00,54,13,25,2,0,4,1,1,2,0,0,1,0.0,2,2,1,2,4
2021-09-10 00:00:00-04:00,53,12,24,2,0,4,1,1,2,0,0,1,0.0,2,2,1,2,4
2021-09-11 00:00:00-04:00,53,12,24,2,0,4,1,1,2,0,0,1,0.0,2,2,1,2,4
2021-09-12 00:00:00-04:00,53,12,24,2,0,4,1,1,2,0,0,1,0.0,2,2,1,2,4
2021-09-13 00:00:00-04:00,53,12,24,2,0,4,1,1,2,0,0,1,0.0,2,2,1,2,4
2021-09-14 00:00:00-04:00,53,12,24,2,0,4,1,1,2,0,0,1,0.0,2,2,1,2,4
2021-09-15 00:00:00-04:00,53,12,24,2,0,4,1,1,2,0,0,1,0.0,2,2,1,2,4
2021-09-16 00:00:00-04:00,53,12,24,2,0,4,1,1,2,0,0,1,0.0,2,2,1,2,4
2021-09-17 00:00:00-04:00,53,12,24,2,0,4,1,1,2,0,0,1,0.0,2,2,1,2,4
2021-09-18 00:00:00-04:00,53,12,24,2,0,4,1,1,2,0,0,1,0.0,2,2,1,2,4
2021-09-19 00:00:00-04:00,53,12,24,2,0,4,1,1,2,0,0,1,0.0,2,2,1,2,4
2021-09-20 00:00:00-04:00,53,12,24,2,0,4,1,1,2,0,0,1,0.0,2,2,1,2,4
2021-09-21 00:00:00-04:00,54,12,25,2,0,4,1,1,2,0,0,1,0.0,2,2,1,2,4
2021-09-22 00:00:00-04:00,54,12,25,2,0,4,1,1,2,0,0,1,0.0,2,2,1,2,4
2021-09-23 00:00:00-04:00,55,12,26,2,0,4,1,1,2,0,0,1,0.0,2,2,1,3,5
2021-09-24 00:00:00-04:00,56,12,27,2,0,4,1,1,2,0,0,1,0.0,2,2,1,3,6
2021-09-25 00:00:00-04:00,56,11,26,2,0,4,1,1,2,0,0,1,0.0,2,2,1,3,6
2021-09-26 00:00:00-04:00,56,11,26,2,0,4,1,1,2,0,0,1,0.0,2,2,1,3,6
2021-09-27 00:00:00-04:00,56,11,26,2,0,4,1,1,2,0,0,1,0.0,2,2,1,3,6
2021-09-28 00:00:00-04:00,56,11,26,2,0,4,1,1,2,0,0,1,0.0,2,2,1,3,6
2021-09-29 00:00:00-04:00,56,11,26,2,0,4,1,1,2,0,0,1,0.0,2,2,1,3,6
2021-09-30 00:00:00-04:00,56,11,26,2,0,4,1,1,2,0,0,1,0.0,2,2,1,3,6
2021-10-01 00:00:00-04:00,56,11,26,2,0,4,1,1,2,0,0,1,0.0,2,2,1,3,6
2021-10-02 00:00:00-04:00,57,12,27,2,0,4,1,1,2,0,0,1,0.0,2,2,1,3,6
2021-10-03 00:00:00-04:00,56,12,27,2,0,4,1,1,2,0,0,1,0.0,2,2,1,3,6
2021-10-04 00:00:00-04:00,56,12,27,2,0,4,1,1,2,0,0,1,0.0,2,2,1,3,6
2021-10-05 00:00:00-04:00,57,12,28,2,0,4,1,1,2,0,0,1,0.0,2,2,1,4,7
2021-10-06 00:00:00-04:00,57,12,28,2,0,4,1,1,2,0,0,1,0.0,2,2,1,4,7
2021-10-07 00:00:00-04:00,58,12,28,2,0,4,1,1,2,0,0,1,0.0,2,2,1,4,7
2021-10-08 00:00:00-04:00,60,13,30,2,0,4,1,1,2,0,0,1,0.0,2,2,1,4,7
2021-10-09 00:00:00-04:00,59,13,29,2,0,4,1,1,2,0,0,1,0.0,2,2,1,3,6
2021-10-10 00:00:00-04:00,65,14,35,2,0,5,1,1,2,0,0,1,0.0,2,2,1,3,7
2021-10-11 00:00:00-04:00,65,14,35,2,0,5,1,1,2,0,0,1,0.0,2,2,1,3,7
2021-10-12 00:00:00-04:00,66,14,36,2,0,5,1,1,2,0,0,1,0.0,2,2,1,3,7
2021-10-13 00:00:00-04:00,68,15,37,2,0,5,1,1,2,0,0,2,0.0,2,2,2,3,7
2021-10-14 00:00:00-04:00,68,15,37,2,0,5,1,1,2,0,0,2,0.0,2,2,2,3,7
2021-10-15 00:00:00-04:00,69,16,38,2,0,5,1,1,2,0,0,2,0.0,2,2,2,3,7
2021-10-16 00:00:00-04:00,69,16,38,2,0,5,1,1,2,0,0,2,0.0,2,2,2,3,7
2021-10-17 00:00:00-04:00,69,16,39,2,0,5,1,1,2,0,0,1,0.0,2,2,1,3,7
2021-10-18 00:00:00-04:00,69,16,39,2,0,5,1,1,2,0,0,1,0.0,2,2,1,3,7
2021-10-19 00:00:00-04:00,69,16,39,2,0,5,1,1,2,0,0,1,0.0,2,2,1,3,7
2021-10-20 00:00:00-04:00,69,16,39,2,0,5,1,1,2,0,0,1,0.0,2,2,1,3,7
2021-10-21 00:00:00-04:00,70,16,39,2,0,6,1,1,2,0,0,1,0.0,2,2,2,3,7
2021-10-22 00:00:00-04:00,70,16,39,2,0,6,1,1,2,0,0,1,0.0,2,2,2,3,7
2021-10-23 00:00:00-04:00,70,16,39,2,0,6,1,1,2,0,0,1,0.0,2,2,2,3,7
2021-10-24 00:00:00-04:00,69,16,39,2,0,5,1,1,2,0,0,1,0.0,2,2,1,3,7
2021-10-25 00:00:00-04:00,69,16,39,2,0,5,1,1,2,0,0,1,0.0,2,2,1,3,7
2021-10-26 00:00:00-04:00,71,16,40,2,0,5,1,1,2,0,0,1,0.0,2,2,1,3,7
2021-10-27 00:00:00-04:00,72,17,41,2,0,5,1,1,2,0,0,1,0.0,2,2,1,3,7
2021-10-28 00:00:00-04:00,72,16,40,2,0,5,1,1,2,0,0,1,0.0,3,2,1,3,7
2021-10-29 00:00:00-04:00,71,16,40,2,0,5,1,1,2,0,0,1,0.0,3,2,1,3,7
2021-10-30 00:00:00-04:00,71,16,40,2,0,5,1,1,2,0,0,1,0.0,3,2,1,3,7
2021-10-31 00:00:00-04:00,71,16,40,2,0,5,1,1,2,0,0,1,0.0,3,2,1,3,7
2021-11-01 00:00:00-04:00,70,16,39,2,0,5,1,1,2,0,0,1,0.0,3,2,1,3,6
2021-11-02 00:00:00-04:00,70,16,39,2,0,5,1,1,2,0,0,1,0.0,3,2,1,3,6
2021-11-03 00:00:00-04:00,70,16,39,2,0,5,1,1,2,0,0,1,0.0,3,2,1,3,6
2021-11-04 00:00:00-04:00,69,16,38,2,0,5,1,1,2,0,0,1,0.0,3,2,1,3,6
2021-11-05 00:00:00-04:00,69,16,38,2,0,5,1,1,2,0,0,1,0.0,3,2,1,3,6
2021-11-06 00:00:00-04:00,69,16,39,2,0,5,1,1,2,0,0,1,0.0,3,2,2,3,6
2021-11-07 00:00:00-04:00,68,16,38,2,0,5,1,1,2,0,0,1,0.0,3,2,1,3,6
2021-11-08 00:00:00-05:00,68,16,38,2,0,5,1,1,2,0,0,1,0.0,3,2,1,3,6
2021-11-09 00:00:00-05:00,67,16,38,2,0,5,1,1,2,0,0,1,0.0,3,2,1,3,6
2021-11-10 00:00:00-05:00,69,16,38,2,0,5,1,1,3,0,0,1,0.0,4,2,1,3,6
2021-11-11 00:00:00-05:00,69,16,38,2,0,5,1,1,3,0,0,1,0.0,4,2,1,3,6
2021-11-12 00:00:00-05:00,68,15,37,2,0,5,1,1,3,0,0,1,0.0,4,2,1,3,6
2021-11-13 00:00:00-05:00,69,15,38,2,0,5,1,1,3,0,0,1,0.0,4,2,1,3,6
2021-11-14 00:00:00-05:00,69,15,38,2,0,5,1,1,3,0,0,1,0.0,4,2,1,3,6
2021-11-15 00:00:00-05:00,69,15,38,2,0,5,1,1,3,0,0,1,0.0,4,2,1,3,6
2021-11-16 00:00:00-05:00,69,15,38,2,0,5,1,1,3,0,0,1,0.0,4,2,1,3,6
2021-11-17 00:00:00-05:00,69,15,38,2,0,5,1,1,3,0,0,1,0.0,4,2,1,3,6
2021-11-18 00:00:00-05:00,69,15,38,2,0,5,1,1,3,0,0,1,0.0,4,2,1,3,6
2021-11-19 00:00:00-05:00,69,15,38,2,0,5,1,1,3,0,0,1,0.0,4,2,1,3,6
2021-11-20 00:00:00-05:00,67,13,36,2,0,5,1,1,3,0,0,1,0.0,4,2,1,3,6
2021-11-21 00:00:00-05:00,65,13,34,2,0,5,1,1,3,0,0,1,0.0,4,2,1,3,5
2021-11-22 00:00:00-05:00,64,13,34,2,0,4,1,1,3,0,0,1,0.0,4,2,1,3,5
2021-11-23 00:00:00-05:00,64,13,34,2,0,4,1,1,3,0,0,1,0.0,4,2,1,3,5
2021-11-24 00:00:00-05:00,64,13,34,2,0,4,1,1,3,0,0,1,0.0,4,2,1,3,5
2021-11-25 00:00:00-05:00,64,13,34,2,0,4,1,1,3,0,0,1,0.0,4,2,1,3,5
2021-11-26 00:00:00-05:00,64,13,34,2,0,4,1,1,3,0,0,1,0.0,4,2,1,3,5
2021-11-27 00:00:00-05:00,64,13,34,2,0,4,1,1,3,0,0,1,0.0,4,2,1,3,5
2021-11-28 00:00:00-05:00,64,13,34,2,0,4,1,1,3,0,0,1,0.0,4,2,1,3,5
2021-11-29 00:00:00-05:00,64,13,34,2,0,4,1,1,3,0,0,1,0.0,4,2,1,3,5
2021-11-30 00:00:00-05:00,64,13,34,2,0,4,1,1,3,0,0,1,0.0,4,2,1,3,5
2021-12-01 00:00:00-05:00,64,13,34,2,0,4,1,1,3,0,0,1,0.0,4,2,1,3,5
2021-12-02 00:00:00-05:00,64,13,34,2,0,4,1,1,3,0,0,1,0.0,4,2,1,3,5
2021-12-03 00:00:00-05:00,63,13,34,2,0,4,1,1,3,0,0,1,0.0,4,2,1,3,5
2021-12-04 00:00:00-05:00,63,13,34,2,0,4,1,1,3,0,0,1,0.0,4,2,1,3,5
2021-12-05 00:00:00-05:00,62,13,34,2,0,4,1,1,3,0,0,1,0.0,4,2,1,3,5
2021-12-06 00:00:00-05:00,62,13,34,2,0,4,1,1,3,0,0,1,0.0,4,2,1,3,5
2021-12-07 00:00:00-05:00,62,13,34,2,0,4,1,1,3,0,0,1,0.0,4,2,1,3,5
2021-12-08 00:00:00-05:00,62,13,34,2,0,4,1,1,3,0,0,1,0.0,4,2,1,3,5
2021-12-09 00:00:00-05:00,63,13,35,2,0,4,1,1,3,0,0,1,0.0,4,2,1,3,5
2021-12-10 00:00:00-05:00,63,13,35,2,0,4,1,1,3,0,0,1,0.0,4,2,1,3,5
2021-12-11 00:00:00-05:00,63,13,35,2,0,4,1,1,3,0,0,1,0.0,4,2,1,3,5
2021-12-12 00:00:00-05:00,63,13,35,2,0,4,1,1,3,0,0,1,0.0,4,2,1,3,5
2021-12-13 00:00:00-05:00,63,13,35,2,0,4,1,1,3,0,0,1,0.0,4,2,1,3,5
2021-12-14 00:00:00-05:00,63,13,35,2,0,4,1,1,3,0,0,1,0.0,4,2,1,3,5
2021-12-15 00:00:00-05:00,63,13,35,2,0,4,1,1,3,0,0,1,0.0,4,2,1,3,5
2021-12-16 00:00:00-05:00,64,14,36,2,0,4,1,1,3,0,0,1,0.0,4,2,1,3,5
2021-12-17 00:00:00-05:00,63,14,35,2,0,4,1,1,3,0,0,1,0.0,4,2,1,3,5
2021-12-18 00:00:00-05:00,59,14,34,2,0,3,1,1,3,0,0,1,0.0,3,2,1,3,5
2021-12-19 00:00:00-05:00,58,13,33,2,0,3,1,1,3,0,0,1,0.0,3,2,1,3,5
2021-12-20 00:00:00-05:00,57,13,32,2,0,3,1,1,3,0,0,1,0.0,3,2,1,3,5
2021-12-21 00:00:00-05:00,57,13,32,2,0,3,1,1,3,0,0,1,0.0,3,2,1,3,5
2021-12-22 00:00:00-05:00,57,13,32,2,0,3,1,1,3,0,0,1,0.0,3,2,1,3,5
2021-12-23 00:00:00-05:00,57,13,32,2,0,3,1,1,3,0,0,1,0.0,3,2,1,3,5
2021-12-24 00:00:00-05:00,57,13,32,2,0,3,1,1,3,0,0,1,0.0,3,2,1,3,5
2021-12-25 00:00:00-05:00,57,13,32,2,0,3,1,1,3,0,0,1,0.0,3,2,1,3,5
2021-12-26 00:00:00-05:00,57,13,32,2,0,3,1,1,3,0,0,1,0.0,3,2,1,3,5
2021-12-27 00:00:00-05:00,57,13,32,2,0,3,1,1,3,0,0,1,0.0,3,2,1,3,5
2021-12-28 00:00:00-05:00,57,13,32,2,0,3,1,1,3,0,0,1,0.0,3,2,1,3,5
2021-12-29 00:00:00-05:00,57,13,32,2,0,3,1,1,3,0,0,1,0.0,3,2,1,3,5
2021-12-30 00:00:00-05:00,57,13,32,2,0,3,1,1,3,0,0,1,0.0,3,2,1,3,5
2021-12-31 00:00:00-05:00,57,13,32,2,0,3,1,1,3,0,0,1,0.0,3,2,1,3,5
2022-01-01 00:00:00-05:00,57,13,32,2,0,3,1,1,3,0,0,1,0.0,3,2,1,3,5
2022-01-02 00:00:00-05:00,56,12,31,2,0,3,1,1,3,0,0,1,0.0,3,2,1,3,5
2022-01-03 00:00:00-05:00,56,12,31,2,0,3,1,1,3,0,0,1,0.0,3,2,1,3,5
2022-01-04 00:00:00-05:00,57,12,31,2,0,3,1,1,3,0,0,1,0.0,4,2,1,3,5
2022-01-05 00:00:00-05:00,58,12,31,2,0,3,1,1,3,0,0,1,0.0,4,2,1,3,5
2022-01-06 00:00:00-05:00,59,12,31,2,0,4,1,1,3,0,0,1,0.0,4,2,1,3,5
2022-01-07 00:00:00-05:00,59,12,31,2,0,4,1,1,3,0,0,1,0.0,4,2,1,3,5
2022-01-08 00:00:00-05:00,60,13,32,2,0,4,1,1,3,0,0,1,0.0,4,2,1,3,5
2022-01-09 00:00:00-05:00,60,13,32,2,0,4,1,1,3,0,0,1,0.0,4,2,1,3,5
2022-01-10 00:00:00-05:00,60,13,32,2,0,4,1,1,3,0,0,1,0.0,4,2,1,3,5
2022-01-11 00:00:00-05:00,60,13,32,2,0,4,1,1,3,0,0,1,0.0,4,2,1,3,5
2022-01-12 00:00:00-05:00,60,13,32,2,0,4,1,1,3,0,0,1,0.0,4,2,1,3,5
2022-01-13 00:00:00-05:00,60,13,32,2,0,4,1,1,3,0,0,1,0.0,4,2,1,3,5
2022-01-14 00:00:00-05:00,60,13,32,2,0,4,1,1,3,0,0,1,0.0,4,2,1,3,5
2022-01-15 00:00:00-05:00,60,13,32,2,0,4,1,1,3,0,0,1,0.0,4,2,1,3,5
2022-01-16 00:00:00-05:00,60,13,32,2,0,4,1,1,3,0,0,1,0.0,4,2,1,3,5
2022-01-17 00:00:00-05:00,60,13,32,2,0,4,1,1,3,0,0,1,0.0,4,2,1,3,5
2022-01-18 00:00:00-05:00,60,13,32,2,0,4,1,1,3,0,0,1,0.0,4,2,1,3,5
2022-01-19 00:00:00-05:00,60,13,32,2,0,4,1,1,3,0,0,1,0.0,4,2,1,3,5
2022-01-20 00:00:00-05:00,60,13,32,2,0,4,1,1,3,0,0,1,0.0,4,2,1,3,5
2022-01-21 00:00:00-05:00,60,13,32,2,0,4,1,1,3,0,0,1,0.0,4,2,1,3,5
2022-01-22 00:00:00-05:00,61,13,33,2,0,4,1,1,3,0,0,1,0.0,4,2,2,3,5
2022-01-23 00:00:00-05:00,60,13,33,2,0,3,1,1,3,0,0,1,0.0,4,2,1,3,6
2022-01-24 00:00:00-05:00,60,13,33,2,0,3,1,1,3,0,0,1,0.0,4,2,1,3,6
2022-01-25 00:00:00-05:00,61,13,34,2,0,3,1,1,3,0,0,1,0.0,4,2,1,3,6
2022-01-26 00:00:00-05:00,62,13,34,2,0,3,1,1,3,0,0,1,0.0,4,2,1,3,6
2022-01-27 00:00:00-05:00,62,13,34,2,0,3,1,1,3,0,0,1,0.0,4,2,1,3,6
2022-01-28 00:00:00-05:00,62,13,34,2,0,3,1,1,3,0,0,1,0.0,4,2,1,3,6
2022-01-29 00:00:00-05:00,65,13,37,2,0,3,1,1,3,0,0,1,0.0,4,2,1,3,6
2022-01-30 00:00:00-05:00,64,13,37,2,0,3,1,1,3,0,0,1,0.0,4,2,1,3,6
2022-01-31 00:00:00-05:00,63,12,36,2,0,3,1,1,3,0,0,1,0.0,4,2,1,3,6
2022-02-01 00:00:00-05:00,64,13,37,2,0,3,1,1,3,0,0,1,0.0,4,2,1,3,6
2022-02-02 00:00:00-05:00,61,11,34,2,0,3,1,1,3,0,0,1,0.0,4,2,1,3,6
2022-02-03 00:00:00-05:00,60,11,34,2,0,3,1,1,2,0,0,1,0.0,4,2,1,3,6
2022-02-04 00:00:00-05:00,60,11,34,2,0,3,1,1,2,0,0,1,0.0,4,2,1,3,6
2022-02-05 00:00:00-05:00,62,13,36,2,0,3,1,1,2,0,0,1,0.0,4,2,1,3,6
2022-02-06 00:00:00-05:00,62,13,36,2,0,3,1,1,2,0,0,1,0.0,4,2,1,3,6
2022-02-07 00:00:00-05:00,62,13,36,2,0,3,1,1,2,0,0,1,0.0,4,2,1,3,6
2022-02-08 00:00:00-05:00,63,13,37,2,0,3,1,1,2,0,0,1,0.0,4,2,1,3,6
2022-02-09 00:00:00-05:00,63,13,37,2,0,3,1,1,2,0,0,1,0.0,4,2,1,3,6
2022-02-10 00:00:00-05:00,64,13,38,2,0,3,1,1,2,0,0,1,0.0,4,2,1,3,6
2022-02-11 00:00:00-05:00,64,13,38,2,0,3,1,1,2,0,0,1,0.0,4,2,1,3,6
2022-02-12 00:00:00-05:00,64,13,38,2,0,3,1,1,2,0,0,1,0.0,4,2,1,3,6
2022-02-13 00:00:00-05:00,64,13,38,2,0,3,1,1,2,0,0,1,0.0,4,2,1,3,6
2022-02-14 00:00:00-05:00,65,13,39,2,0,3,1,1,2,0,0,1,0.0,4,2,1,4,7
2022-02-15 00:00:00-05:00,65,13,39,2,0,3,1,1,2,0,0,1,0.0,4,2,1,4,7
2022-02-16 00:00:00-05:00,65,13,39,2,0,3,1,1,2,0,0,1,0.0,4,2,1,4,7
2022-02-17 00:00:00-05:00,64,13,38,2,0,3,1,1,2,0,0,1,0.0,4,2,1,4,7
2022-02-18 00:00:00-05:00,64,13,38,2,0,3,1,1,2,0,0,1,0.0,4,2,1,4,7
2022-02-19 00:00:00-05:00,64,13,38,2,0,3,1,1,2,0,0,1,0.0,4,2,1,4,7
2022-02-20 00:00:00-05:00,64,13,38,2,0,3,1,1,2,0,0,1,0.0,4,2,1,4,7
2022-02-21 00:00:00-05:00,64,13,38,2,0,3,1,1,2,0,0,1,0.0,4,2,1,4,7
2022-02-22 00:00:00-05:00,64,13,38,2,0,3,1,1,2,0,0,1,0.0,4,2,1,4,7
2022-02-23 00:00:00-05:00,64,13,38,2,0,4,1,1,2,0,0,1,0.0,4,2,1,4,7
2022-02-24 00:00:00-05:00,65,13,38,2,0,4,1,1,2,0,0,1,0.0,4,2,1,4,7
2022-02-25 00:00:00-05:00,66,13,38,2,0,4,1,1,2,0,0,1,0.0,5,2,1,4,7
2022-02-26 00:00:00-05:00,66,13,38,2,0,4,1,1,2,0,0,1,0.0,5,2,1,4,7
2022-02-27 00:00:00-05:00,66,13,38,2,0,4,1,1,2,0,0,1,0.0,5,2,1,4,7
2022-02-28 00:00:00-05:00,66,13,38,2,0,4,1,1,2,0,0,1,0.0,5,2,1,4,7
2022-03-01 00:00:00-05:00,67,13,38,2,0,4,1,1,2,0,0,1,0.0,6,2,1,4,7
2022-03-02 00:00:00-05:00,67,13,38,2,0,4,1,1,2,0,0,1,0.0,6,2,1,4,7
2022-03-03 00:00:00-05:00,67,13,38,2,0,4,1,1,2,0,0,1,0.0,6,2,1,4,7
2022-03-04 00:00:00-05:00,68,14,39,2,0,4,1,1,2,0,0,1,0.0,6,2,1,4,7
2022-03-05 00:00:00-05:00,67,13,38,2,0,4,1,1,2,0,0,1,0.0,6,2,1,4,7
2022-03-06 00:00:00-05:00,66,13,38,2,0,4,1,1,2,0,0,1,0.0,5,2,1,4,7
2022-03-07 00:00:00-05:00,66,13,38,2,0,4,1,1,2,0,0,1,0.0,5,2,1,4,7
2022-03-08 00:00:00-05:00,66,13,38,2,0,4,1,1,2,0,0,1,0.0,5,2,1,4,7
2022-03-09 00:00:00-05:00,66,13,38,2,0,4,1,1,2,0,0,1,0.0,5,2,1,4,7
2022-03-10 00:00:00-05:00,66,13,38,2,0,4,1,1,2,0,0,1,0.0,5,2,1,4,7
2022-03-11 00:00:00-05:00,65,13,37,2,0,4,1,1,2,0,0,1,0.0,5,2,1,3,6
2022-03-12 00:00:00-05:00,65,13,37,2,0,4,1,1,2,0,0,1,0.0,5,2,1,3,6
2022-03-13 00:00:00-05:00,64,13,37,2,0,3,1,1,2,0,0,1,0.0,5,2,1,3,6
2022-03-14 00:00:00-04:00,64,13,37,2,0,3,1,1,2,0,0,1,0.0,5,2,1,3,6
2022-03-15 00:00:00-04:00,64,13,37,2,0,3,1,1,2,0,0,1,0.0,5,2,1,3,6
2022-03-16 00:00:00-04:00,63,12,36,2,0,3,1,1,2,0,0,1,0.0,5,2,1,3,6
2022-03-17 00:00:00-04:00,65,14,38,2,0,3,1,1,2,0,0,1,0.0,5,2,1,3,6
2022-03-18 00:00:00-04:00,64,13,37,2,0,3,1,1,2,0,0,1,0.0,5,2,1,3,6
2022-03-19 00:00:00-04:00,64,13,37,2,0,3,1,1,2,0,0,1,0.0,5,2,1,3,6
2022-03-20 00:00:00-04:00,64,13,37,2,0,3,1,1,2,0,0,1,0.0,5,2,1,3,6
2022-03-21 00:00:00-04:00,64,13,37,2,0,3,1,1,2,0,0,1,0.0,5,2,1,3,6
2022-03-22 00:00:00-04:00,64,13,37,2,0,3,1,1,2,0,0,1,0.0,5,2,1,3,6
2022-03-23 00:00:00-04:00,64,13,37,2,0,3,1,1,2,0,0,1,0.0,5,2,1,3,6
2022-03-24 00:00:00-04:00,63,13,37,2,0,2,1,1,2,0,0,1,0.0,5,2,1,3,6
2022-03-25 00:00:00-04:00,64,14,38,2,0,2,1,1,2,0,0,1,0.0,5,2,1,3,6
2022-03-26 00:00:00-04:00,64,14,38,2,0,2,1,1,2,0,0,1,0.0,5,2,1,3,6
2022-03-27 00:00:00-04:00,64,14,38,2,0,2,1,1,2,0,0,1,0.0,5,2,1,3,6
2022-03-28 00:00:00-04:00,64,14,38,2,0,2,1,1,2,0,0,1,0.0,5,2,1,3,6
2022-03-29 00:00:00-04:00,64,14,38,2,0,2,1,1,2,0,0,1,0.0,5,2,1,3,6
2022-03-30 00:00:00-04:00,65,15,39,2,0,2,1,1,2,0,0,1,0.0,5,2,1,3,6
2022-03-31 00:00:00-04:00,65,15,39,2,0,2,1,1,2,0,0,1,0.0,5,2,1,3,6
2022-04-01 00:00:00-04:00,65,15,39,2,0,2,1,1,2,0,0,1,0.0,5,2,1,3,6
2022-04-02 00:00:00-04:00,65,15,39,2,0,2,1,1,2,0,0,1,0.0,5,2,1,3,6
2022-04-03 00:00:00-04:00,64,15,39,2,0,2,1,1,2,0,0,1,0.0,5,2,1,3,6
2022-04-04 00:00:00-04:00,64,15,39,2,0,2,1,1,2,0,0,1,0.0,5,2,1,3,6
2022-04-05 00:00:00-04:00,64,15,39,2,0,2,1,1,2,0,0,1,0.0,5,2,1,3,6
2022-04-06 00:00:00-04:00,65,15,39,2,0,2,1,1,2,0,0,1,0.0,5,2,1,3,6
2022-04-07 00:00:00-04:00,65,15,39,2,0,2,1,1,2,0,0,1,0.0,5,2,1,3,6
2022-04-08 00:00:00-04:00,65,15,39,2,0,2,1,1,2,0,0,1,0.0,5,2,1,3,6
2022-04-09 00:00:00-04:00,65,15,39,2,0,2,1,1,2,0,0,1,0.0,5,2,1,3,6
2022-04-10 00:00:00-04:00,64,15,38,2,0,2,1,1,2,0,0,1,0.0,5,2,1,3,5
2022-04-11 00:00:00-04:00,63,15,37,2,0,2,1,1,2,0,0,1,0.0,5,2,1,3,5
2022-04-12 00:00:00-04:00,63,15,37,2,0,2,1,1,2,0,0,1,0.0,5,2,1,3,5
2022-04-13 00:00:00-04:00,63,15,38,2,0,2,1,1,2,0,0,1,0.0,5,2,2,3,5
2022-04-14 00:00:00-04:00,63,15,38,2,0,2,1,1,2,0,0,1,0.0,5,2,1,4,6
2022-04-15 00:00:00-04:00,63,15,38,2,0,2,1,1,2,0,0,1,0.0,5,2,1,4,6
2022-04-16 00:00:00-04:00,63,15,38,2,0,2,1,1,2,0,0,1,0.0,5,2,1,4,6
2022-04-17 00:00:00-04:00,63,15,38,2,0,2,1,1,2,0,0,1,0.0,5,2,1,4,6
2022-04-18 00:00:00-04:00,63,15,38,2,0,2,1,1,2,0,0,1,0.0,5,2,1,4,6
2022-04-19 00:00:00-04:00,63,15,38,2,0,2,1,1,2,0,0,1,0.0,5,2,1,4,6
2022-04-20 00:00:00-04:00,63,15,38,2,0,2,1,1,2,0,0,1,0.0,5,2,1,4,6
2022-04-21 00:00:00-04:00,62,15,37,2,0,2,1,1,2,0,0,1,0.0,5,2,1,3,5
2022-04-22 00:00:00-04:00,61,14,36,2,0,2,1,1,2,0,0,1,0.0,5,2,1,3,5
2022-04-23 00:00:00-04:00,61,14,36,2,0,2,1,1,2,0,0,1,0.0,5,2,1,3,5
2022-04-24 00:00:00-04:00,61,14,36,2,0,2,1,1,2,0,0,1,0.0,5,2,1,3,5
2022-04-25 00:00:00-04:00,60,14,36,2,0,2,1,0,2,0,0,1,0.0,5,2,1,3,5
2022-04-26 00:00:00-04:00,59,14,36,2,0,2,1,0,2,0,0,0,0.0,5,2,1,3,5
2022-04-27 00:00:00-04:00,60,15,37,2,0,2,1,0,2,0,0,0,0.0,5,2,1,3,5
2022-04-28 00:00:00-04:00,64,17,39,2,0,2,1,0,2,0,0,0,0.0,6,2,1,3,5
2022-04-29 00:00:00-04:00,64,18,39,2,0,2,1,0,2,0,0,0,0.0,6,2,1,3,5
2022-04-30 00:00:00-04:00,64,18,39,2,0,2,1,0,2,0,0,0,0.0,6,2,1,3,5
2022-05-01 00:00:00-04:00,65,18,40,2,0,2,1,0,2,0,0,0,0.0,6,2,1,3,6
2022-05-02 00:00:00-04:00,65,18,40,2,0,2,1,0,2,0,0,0,0.0,6,2,1,3,6
2022-05-03 00:00:00-04:00,67,18,40,2,0,3,1,0,2,0,0,0,0.0,6,2,1,3,6
2022-05-04 00:00:00-04:00,67,18,40,2,0,3,1,0,2,0,0,0,0.0,6,2,1,3,6
2022-05-05 00:00:00-04:00,68,18,41,2,0,3,1,0,2,0,0,0,0.0,6,2,1,3,6
2022-05-06 00:00:00-04:00,67,18,41,2,0,3,1,0,2,0,0,0,0.0,6,2,1,3,6
2022-05-07 00:00:00-04:00,68,19,42,2,0,3,1,0,2,0,0,0,0.0,6,2,1,3,6
2022-05-08 00:00:00-04:00,70,19,41,2,0,5,1,0,2,0,0,0,0.0,7,2,1,3,6
2022-05-09 00:00:00-04:00,68,19,41,2,0,4,1,0,2,0,0,0,0.0,6,2,1,3,6
2022-05-10 00:00:00-04:00,67,19,40,2,0,4,1,0,2,0,0,0,0.0,6,2,1,3,6
2022-05-11 00:00:00-04:00,67,19,40,2,0,4,1,0,2,0,0,0,0.0,6,2,1,3,6
2022-05-12 00:00:00-04:00,67,19,40,2,0,4,1,0,2,0,0,0,0.0,6,2,1,3,6
2022-05-13 00:00:00-04:00,67,19,40,2,0,4,1,0,2,0,0,0,0.0,6,2,1,3,6
2022-05-14 00:00:00-04:00,67,19,40,2,0,4,1,0,2,0,0,0,0.0,6,2,1,3,6
2022-05-15 00:00:00-04:00,67,19,40,2,0,4,1,0,2,0,0,0,0.0,6,2,1,3,6
2022-05-16 00:00:00-04:00,67,19,40,2,0,4,1,0,2,0,0,0,0.0,6,2,1,3,6
2022-05-17 00:00:00-04:00,67,19,40,2,0,4,1,0,2,0,0,0,0.0,6,2,1,3,6
2022-05-18 00:00:00-04:00,69,20,42,2,0,4,1,0,2,0,0,0,0.0,6,2,1,4,7
2022-05-19 00:00:00-04:00,68,20,41,2,0,4,1,0,2,0,0,0,0.0,6,2,1,3,6
2022-05-20 00:00:00-04:00,69,20,41,2,0,4,1,0,2,0,0,0,0.0,6,2,1,4,6
2022-05-21 00:00:00-04:00,68,20,40,2,0,4,1,0,2,0,0,0,0.0,6,2,1,3,5
2022-05-22 00:00:00-04:00,67,20,39,2,0,4,1,0,2,0,0,0,0.0,6,2,1,2,4
2022-05-23 00:00:00-04:00,66,20,39,2,0,4,1,0,2,0,0,0,0.0,6,2,1,2,4
2022-05-24 00:00:00-04:00,67,21,40,2,0,4,1,0,2,0,0,0,0.0,6,2,1,2,4
2022-05-25 00:00:00-04:00,67,21,40,2,0,4,1,0,2,0,0,0,0.0,6,2,1,2,4
2022-05-26 00:00:00-04:00,67,21,40,2,0,4,1,0,2,0,0,0,0.0,6,2,1,2,4
2022-05-27 00:00:00-04:00,67,21,40,2,0,4,1,0,2,0,0,0,0.0,6,2,1,2,4
2022-05-28 00:00:00-04:00,67,21,40,2,0,4,1,0,2,0,0,0,0.0,6,2,1,2,4
2022-05-29 00:00:00-04:00,67,21,40,2,0,4,1,0,2,0,0,0,0.0,6,2,1,2,4
2022-05-30 00:00:00-04:00,67,21,40,2,0,4,1,0,2,0,0,0,0.0,6,2,1,2,4
2022-05-31 00:00:00-04:00,67,21,40,2,0,4,1,0,2,0,0,0,0.0,6,2,1,2,4
2022-06-01 00:00:00-04:00,67,21,40,2,0,4,1,0,2,0,0,0,0.0,6,2,1,2,4
2022-06-02 00:00:00-04:00,67,21,40,2,0,4,1,0,2,0,0,0,0.0,6,2,1,2,4
2022-06-03 00:00:00-04:00,66,20,39,2,0,4,1,0,2,0,0,0,0.0,6,2,1,2,4
2022-06-04 00:00:00-04:00,66,20,39,2,0,4,1,0,2,0,0,0,0.0,6,2,1,2,4
2022-06-05 00:00:00-04:00,66,20,39,2,0,4,1,0,2,0,0,0,0.0,6,2,1,2,4
2022-06-06 00:00:00-04:00,65,20,38,2,0,4,1,0,2,0,0,0,0.0,6,2,1,2,3
2022-06-07 00:00:00-04:00,65,20,38,2,0,4,1,0,2,0,0,0,0.0,6,2,1,2,3
2022-06-08 00:00:00-04:00,65,20,38,2,0,4,1,0,2,0,0,0,0.0,6,2,1,2,3
2022-06-09 00:00:00-04:00,65,20,38,2,0,4,1,0,2,0,0,0,0.0,6,2,1,2,3
2022-06-10 00:00:00-04:00,66,20,39,2,0,4,1,0,2,0,0,0,0.0,6,2,1,3,3
2022-06-11 00:00:00-04:00,66,20,39,2,0,4,1,0,2,0,0,0,0.0,6,2,1,3,3
2022-06-12 00:00:00-04:00,68,20,40,2,0,5,1,0,2,0,0,0,0.0,6,2,1,4,4
2022-06-13 00:00:00-04:00,68,20,40,2,0,5,1,0,2,0,0,0,0.0,6,2,1,4,4
2022-06-14 00:00:00-04:00,67,20,40,2,0,4,1,0,2,0,0,0,0.0,6,2,1,4,4
2022-06-15 00:00:00-04:00,67,20,40,2,0,4,1,0,2,0,0,0,0.0,6,2,1,4,4
2022-06-16 00:00:00-04:00,67,20,40,2,0,4,1,0,2,0,0,0,0.0,6,2,1,4,4
2022-06-17 00:00:00-04:00,67,20,40,2,0,4,1,0,2,0,0,0,0.0,6,2,1,4,4
2022-06-18 00:00:00-04:00,67,20,40,2,0,4,1,0,2,0,0,0,0.0,6,2,1,4,4
2022-06-19 00:00:00-04:00,67,20,40,2,0,4,1,0,2,0,0,0,0.0,6,2,1,4,4
2022-06-20 00:00:00-04:00,67,20,40,2,0,4,1,0,2,0,0,0,0.0,6,2,1,4,4
2022-06-21 00:00:00-04:00,67,20,40,2,0,4,1,0,2,0,0,0,0.0,6,2,1,4,4
2022-06-22 00:00:00-04:00,67,20,40,2,0,4,1,0,2,0,0,0,0.0,6,2,1,4,4
2022-06-23 00:00:00-04:00,67,20,40,2,0,4,1,0,2,0,0,0,0.0,6,2,1,4,4
2022-06-24 00:00:00-04:00,67,20,40,2,0,4,1,0,2,0,0,0,0.0,6,2,1,4,4
2022-06-25 00:00:00-04:00,67,20,40,2,0,4,1,0,2,0,0,0,0.0,6,2,1,4,4
2022-06-26 00:00:00-04:00,67,20,40,2,0,4,1,0,2,0,0,0,0.0,6,2,1,4,4
2022-06-27 00:00:00-04:00,66,19,39,2,0,4,1,0,2,0,0,0,0.0,6,2,1,4,4
2022-06-28 00:00:00-04:00,66,19,39,2,0,4,1,0,2,0,0,0,0.0,6,2,1,4,4
2022-06-29 00:00:00-04:00,66,19,39,2,0,4,1,0,2,0,0,0,0.0,6,2,1,4,4
2022-06-30 00:00:00-04:00,65,18,38,2,0,4,1,0,2,0,0,0,0.0,6,2,1,4,4
2022-07-01 00:00:00-04:00,63,18,38,2,0,4,1,0,1,0,0,0,0.0,6,2,1,4,4
2022-07-02 00:00:00-04:00,63,18,38,2,0,4,1,0,1,0,0,0,0.0,6,2,1,4,4
2022-07-03 00:00:00-04:00,59,15,35,2,0,4,1,0,1,0,0,0,0.0,4,2,1,4,5
2022-07-04 00:00:00-04:00,58,15,34,2,0,4,1,0,1,0,0,0,0.0,4,2,1,4,5
2022-07-05 00:00:00-04:00,58,15,34,2,0,4,1,0,1,0,0,0,0.0,4,2,1,4,5
2022-07-06 00:00:00-04:00,62,17,37,2,0,4,1,0,1,0,0,0,0.0,5,2,1,5,6
2022-07-07 00:00:00-04:00,65,20,40,2,0,4,1,0,1,0,0,0,0.0,5,2,1,5,6
2022-07-08 00:00:00-04:00,65,20,40,2,0,4,1,0,1,0,0,0,0.0,5,2,1,5,6
2022-07-09 00:00:00-04:00,66,21,41,2,0,4,1,0,1,0,0,0,0.0,5,2,1,5,6
2022-07-10 00:00:00-04:00,67,21,42,2,0,4,1,0,1,0,0,0,0.0,5,2,1,5,6
2022-07-11 00:00:00-04:00,67,21,42,2,0,4,1,0,1,0,0,0,0.0,5,2,1,5,6
2022-07-12 00:00:00-04:00,67,21,42,2,0,4,1,0,1,0,0,0,0.0,5,2,1,5,6
2022-07-13 00:00:00-04:00,67,21,42,2,0,4,1,0,1,0,0,0,0.0,5,2,1,5,6
2022-07-14 00:00:00-04:00,66,20,41,2,0,4,1,0,1,0,0,0,0.0,5,2,1,5,6
2022-07-15 00:00:00-04:00,66,20,41,2,0,4,1,0,1,0,0,0,0.0,5,2,1,5,6
2022-07-16 00:00:00-04:00,66,20,41,2,0,4,1,0,1,0,0,0,0.0,5,2,1,5,6
2022-07-17 00:00:00-04:00,66,20,41,2,0,4,1,0,1,0,0,0,0.0,5,2,1,5,6
2022-07-18 00:00:00-04:00,65,20,40,2,0,4,1,0,1,0,0,0,0.0,5,2,1,4,5
2022-07-19 00:00:00-04:00,65,20,40,2,0,4,1,0,1,0,0,0,0.0,5,2,1,4,5
2022-07-20 00:00:00-04:00,65,20,40,2,0,4,1,0,1,0,0,0,0.0,5,2,1,4,5
2022-07-21 00:00:00-04:00,66,21,41,2,0,4,1,0,1,0,0,0,0.0,5,2,1,4,5
2022-07-22 00:00:00-04:00,66,21,41,2,0,4,1,0,1,0,0,0,0.0,5,2,1,4,5
2022-07-23 00:00:00-04:00,66,21,41,2,0,4,1,0,1,0,0,0,0.0,5,2,1,4,5
2022-07-24 00:00:00-04:00,67,21,42,2,0,4,1,0,1,0,0,0,0.0,5,2,1,4,5
2022-07-25 00:00:00-04:00,67,21,42,2,0,4,1,0,1,0,0,0,0.0,5,2,1,4,5
2022-07-26 00:00:00-04:00,67,21,42,2,0,4,1,0,1,0,0,0,0.0,5,2,1,4,5
2022-07-27 00:00:00-04:00,67,21,42,2,0,4,1,0,1,0,0,0,0.0,5,2,1,4,5
2022-07-28 00:00:00-04:00,67,21,42,2,0,4,1,0,1,0,0,0,0.0,5,2,1,4,5
2022-07-29 00:00:00-04:00,66,21,41,2,0,4,1,0,1,0,0,0,0.0,5,2,1,3,4
2022-07-30 00:00:00-04:00,66,21,41,2,0,4,1,0,1,0,0,0,0.0,5,2,1,3,4
2022-07-31 00:00:00-04:00,65,21,41,2,0,4,1,0,1,0,0,0,0.0,5,2,1,3,4
2022-08-01 00:00:00-04:00,65,21,41,2,0,4,1,0,1,0,0,0,0.0,5,2,1,3,4
2022-08-02 00:00:00-04:00,65,21,41,2,0,4,1,0,1,0,0,0,0.0,5,2,1,3,4
2022-08-03 00:00:00-04:00,65,21,41,2,0,4,1,0,1,0,0,0,0.0,5,2,1,3,4
2022-08-04 00:00:00-04:00,64,20,40,2,0,4,1,0,1,0,0,0,0.0,5,2,1,3,4
2022-08-05 00:00:00-04:00,63,19,39,2,0,4,1,0,1,0,0,0,0.0,5,2,1,3,4
2022-08-06 00:00:00-04:00,63,19,39,2,0,4,1,0,1,0,0,0,0.0,5,2,1,3,4
2022-08-07 00:00:00-04:00,63,19,39,2,0,4,1,0,1,0,0,0,0.0,5,2,1,3,4
2022-08-08 00:00:00-04:00,63,19,39,2,0,4,1,0,1,0,0,0,0.0,5,2,1,3,4
2022-08-09 00:00:00-04:00,63,19,39,2,0,4,1,0,1,0,0,0,0.0,5,2,1,3,4
2022-08-10 00:00:00-04:00,63,19,39,2,0,4,1,0,1,0,0,0,0.0,5,2,1,3,4
2022-08-11 00:00:00-04:00,63,19,39,2,0,4,1,0,1,0,0,0,0.0,5,2,1,3,4
2022-08-12 00:00:00-04:00,63,19,39,2,0,4,1,0,1,0,0,0,0.0,5,2,1,3,4
2022-08-13 00:00:00-04:00,62,18,38,2,0,4,1,0,1,0,0,0,0.0,5,2,1,3,4
2022-08-14 00:00:00-04:00,61,17,38,2,0,4,1,0,1,0,0,0,0.0,5,2,1,4,5
2022-08-15 00:00:00-04:00,58,16,36,2,0,3,1,0,1,0,0,0,0.0,5,2,1,3,4
2022-08-16 00:00:00-04:00,58,16,36,2,0,3,1,0,1,0,0,0,0.0,5,2,1,3,4
2022-08-17 00:00:00-04:00,58,16,36,2,0,3,1,0,1,0,0,0,0.0,5,2,1,3,4
2022-08-18 00:00:00-04:00,58,16,36,2,0,3,1,0,1,0,0,0,0.0,5,2,1,3,4
2022-08-19 00:00:00-04:00,58,16,36,2,0,3,1,0,1,0,0,0,0.0,5,2,1,3,4
2022-08-20 00:00:00-04:00,59,16,36,2,0,3,1,0,1,0,0,0,0.0,5,2,1,3,4
2022-08-21 00:00:00-04:00,59,16,36,2,0,3,1,0,1,0,0,0,0.0,5,2,1,3,4
2022-08-22 00:00:00-04:00,59,16,36,2,0,3,1,0,1,0,0,0,0.0,5,2,1,3,4
2022-08-23 00:00:00-04:00,59,16,36,2,0,3,1,0,1,0,0,0,0.0,5,2,1,3,4
2022-08-24 00:00:00-04:00,59,16,36,2,0,3,1,0,1,0,0,0,0.0,5,2,1,3,4
2022-08-25 00:00:00-04:00,59,16,36,2,0,3,1,0,1,0,0,0,0.0,5,2,1,3,4
2022-08-26 00:00:00-04:00,59,16,36,2,0,3,1,0,1,0,0,0,0.0,5,2,1,3,4
2022-08-27 00:00:00-04:00,61,16,38,2,0,3,1,0,1,0,0,0,0.0,5,2,2,3,4
2022-08-28 00:00:00-04:00,61,16,38,2,0,3,1,0,1,0,0,0,0.0,5,2,2,3,4
2022-08-29 00:00:00-04:00,61,16,38,2,0,3,1,0,1,0,0,0,0.0,5,2,2,3,4
2022-08-30 00:00:00-04:00,61,16,38,2,0,3,1,0,1,0,0,0,0.0,5,2,2,3,4
2022-08-31 00:00:00-04:00,61,16,38,2,0,3,1,0,1,0,0,0,0.0,5,2,2,3,4
2022-09-01 00:00:00-04:00,61,16,38,2,0,3,1,0,1,0,0,0,0.0,5,2,2,3,4
2022-09-02 00:00:00-04:00,62,16,39,2,0,3,1,0,1,0,0,0,0.0,5,2,2,3,4
2022-09-03 00:00:00-04:00,62,15,39,2,0,3,1,0,1,0,0,0,0.0,5,2,2,4,5
2022-09-04 00:00:00-04:00,61,15,38,2,0,3,1,0,1,0,0,0,0.0,5,2,2,4,5
2022-09-05 00:00:00-04:00,61,15,38,2,0,3,1,0,1,0,0,0,0.0,5,2,2,4,5
2022-09-06 00:00:00-04:00,61,15,38,2,0,3,1,0,1,0,0,0,0.0,5,2,2,4,5
2022-09-07 00:00:00-04:00,61,15,38,2,0,3,1,0,1,0,0,0,0.0,5,2,2,4,5
2022-09-08 00:00:00-04:00,61,15,38,2,0,3,1,0,1,0,0,0,0.0,5,2,2,4,5
2022-09-09 00:00:00-04:00,61,15,38,2,0,3,1,0,1,0,0,0,0.0,5,2,2,4,5
2022-09-10 00:00:00-04:00,60,15,37,2,0,3,1,0,1,0,0,0,0.0,5,2,2,4,5
2022-09-11 00:00:00-04:00,59,15,37,2,0,3,1,0,1,0,0,0,0.0,5,2,2,4,5
2022-09-12 00:00:00-04:00,59,15,37,2,0,3,1,0,1,0,0,0,0.0,5,2,2,4,5
2022-09-13 00:00:00-04:00,59,15,37,2,0,3,1,0,1,0,0,0,0.0,5,2,2,4,5
2022-09-14 00:00:00-04:00,59,15,37,2,0,3,1,0,1,0,0,0,0.0,5,2,2,4,5
2022-09-15 00:00:00-04:00,59,15,37,2,0,3,1,0,1,0,0,0,0.0,5,2,2,4,5
2022-09-16 00:00:00-04:00,59,15,37,2,0,3,1,0,1,0,0,0,0.0,5,2,2,4,5
2022-09-17 00:00:00-04:00,59,15,37,2,0,3,1,0,1,0,0,0,0.0,5,2,2,4,5
2022-09-18 00:00:00-04:00,57,13,35,2,0,3,1,0,1,0,0,0,0.0,5,2,2,4,5
2022-09-19 00:00:00-04:00,57,13,35,2,0,3,1,0,1,0,0,0,0.0,5,2,2,4,5
2022-09-20 00:00:00-04:00,57,13,35,2,0,3,1,0,1,0,0,0,0.0,5,2,2,4,5
2022-09-21 00:00:00-04:00,57,13,35,2,0,3,1,0,1,0,0,0,0.0,5,2,2,4,5
2022-09-22 00:00:00-04:00,57,13,35,2,0,3,1,0,1,0,0,0,0.0,5,2,2,4,5
2022-09-23 00:00:00-04:00,56,12,34,2,0,3,1,0,1,0,0,0,0.0,5,2,2,4,5
2022-09-24 00:00:00-04:00,56,12,34,2,0,3,1,0,1,0,0,0,0.0,5,2,2,4,5
2022-09-25 00:00:00-04:00,57,12,35,2,0,3,1,0,1,0,0,0,0.0,5,2,2,4,5
2022-09-26 00:00:00-04:00,57,12,35,2,0,3,1,0,1,0,0,0,0.0,5,2,2,4,5
2022-09-27 00:00:00-04:00,57,12,35,2,0,3,1,0,1,0,0,0,0.0,5,2,2,4,5
2022-09-28 00:00:00-04:00,57,12,35,2,0,3,1,0,1,0,0,0,0.0,5,2,2,4,5
2022-09-29 00:00:00-04:00,57,12,35,2,0,3,1,0,1,0,0,0,0.0,5,2,2,4,5
2022-09-30 00:00:00-04:00,57,12,35,2,0,3,1,0,1,0,0,0,0.0,5,2,2,4,5
2022-10-01 00:00:00-04:00,57,12,35,2,0,3,1,0,1,0,0,0,0.0,5,2,2,4,5
2022-10-02 00:00:00-04:00,57,12,35,2,0,3,1,0,1,0,0,0,0.0,5,2,2,4,5
2022-10-03 00:00:00-04:00,57,12,35,2,0,3,1,0,1,0,0,0,0.0,5,2,2,4,5
2022-10-04 00:00:00-04:00,57,12,35,2,0,3,1,0,1,0,0,0,0.0,5,2,2,4,5
2022-10-05 00:00:00-04:00,57,12,35,2,0,3,1,0,1,0,0,0,0.0,5,2,2,4,5
2022-10-06 00:00:00-04:00,58,13,36,2,0,3,1,0,1,0,0,0,0.0,5,2,2,4,5
2022-10-07 00:00:00-04:00,58,13,36,2,0,3,1,0,1,0,0,0,0.0,5,2,2,4,5
2022-10-08 00:00:00-04:00,58,13,36,2,0,3,1,0,1,0,0,0,0.0,5,2,2,4,5
2022-10-09 00:00:00-04:00,58,13,37,2,0,3,1,0,1,0,0,0,0.0,5,2,2,5,6
2022-10-10 00:00:00-04:00,58,13,37,2,0,3,1,0,1,0,0,0,0.0,5,2,2,5,6
2022-10-11 00:00:00-04:00,58,13,37,2,0,3,1,0,1,0,0,0,0.0,5,2,2,5,6
2022-10-12 00:00:00-04:00,59,13,37,2,0,3,1,0,2,0,0,0,0.0,5,2,2,5,6
2022-10-13 00:00:00-04:00,59,13,37,2,0,3,1,0,2,0,0,0,0.0,5,2,2,5,6
2022-10-14 00:00:00-04:00,60,13,37,2,0,3,1,0,2,0,0,0,0.0,5,2,2,5,6
2022-10-15 00:00:00-04:00,60,13,37,2,0,3,1,0,2,0,0,0,0.0,5,2,2,5,6
2022-10-16 00:00:00-04:00,60,13,37,2,0,3,1,0,2,0,0,0,0.0,5,2,2,5,6
2022-10-17 00:00:00-04:00,60,13,37,2,0,3,1,0,2,0,0,0,0.0,5,2,2,5,6
2022-10-18 00:00:00-04:00,60,13,37,2,0,3,1,0,2,0,0,0,0.0,5,2,2,5,6
2022-10-19 00:00:00-04:00,60,13,37,2,0,3,1,0,2,0,0,0,0.0,5,2,2,5,6
2022-10-20 00:00:00-04:00,60,13,37,2,0,3,1,0,2,0,0,0,0.0,5,2,2,5,6
2022-10-21 00:00:00-04:00,60,13,37,2,0,3,1,0,2,0,0,0,0.0,5,2,2,5,6
2022-10-22 00:00:00-04:00,60,13,37,2,0,3,1,0,2,0,0,0,0.0,5,2,2,5,6
2022-10-23 00:00:00-04:00,60,13,37,2,0,3,1,0,2,0,0,0,0.0,5,2,2,5,6
2022-10-24 00:00:00-04:00,60,13,37,2,0,3,1,0,2,0,0,0,0.0,5,2,2,5,6
2022-10-25 00:00:00-04:00,60,13,37,2,0,3,1,0,2,0,0,0,0.0,5,2,2,5,6
2022-10-26 00:00:00-04:00,60,13,37,2,0,3,1,0,2,0,0,0,0.0,5,2,2,5,6
2022-10-27 00:00:00-04:00,60,13,37,2,0,3,1,0,2,0,0,0,0.0,5,2,2,5,6
2022-10-28 00:00:00-04:00,60,12,36,2,0,3,1,0,2,0,0,0,0.0,5,2,2,5,6
2022-10-29 00:00:00-04:00,61,13,37,2,0,3,1,0,2,0,0,0,0.0,5,2,2,5,6
2022-10-30 00:00:00-04:00,62,13,38,2,0,3,1,0,2,0,0,0,0.0,5,2,2,5,7
2022-10-31 00:00:00-04:00,62,13,38,2,0,3,1,0,2,0,0,0,0.0,5,2,2,5,7
2022-11-01 00:00:00-04:00,63,13,39,2,0,3,1,0,2,0,0,0,0.0,5,2,2,6,8
2022-11-02 00:00:00-04:00,63,13,39,2,0,3,1,0,2,0,0,0,0.0,5,2,2,6,8
2022-11-03 00:00:00-04:00,63,13,39,2,0,3,1,0,2,0,0,0,0.0,5,2,2,6,8
2022-11-04 00:00:00-04:00,63,13,39,2,0,3,1,0,2,0,0,0,0.0,5,2,2,6,8
2022-11-05 00:00:00-04:00,64,13,39,2,0,4,1,0,2,0,0,0,0.0,5,2,2,6,8
2022-11-06 00:00:00-04:00,65,13,40,2,0,5,1,0,2,0,0,0,0.0,5,2,2,6,8
2022-11-07 00:00:00-05:00,63,13,39,2,0,4,1,0,2,0,0,0,0.0,5,2,2,6,8
2022-11-08 00:00:00-05:00,63,13,39,2,0,4,1,0,2,0,0,0,0.0,5,2,2,6,8
2022-11-09 00:00:00-05:00,63,13,39,2,0,4,1,0,2,0,0,0,0.0,5,2,2,6,8
2022-11-10 00:00:00-05:00,63,13,39,2,0,4,1,0,2,0,0,0,0.0,5,2,2,6,8
2022-11-11 00:00:00-05:00,64,13,40,2,0,4,1,0,2,0,0,0,0.0,5,2,2,6,8
2022-11-12 00:00:00-05:00,63,13,39,2,0,4,1,0,2,0,0,0,0.0,5,2,2,6,8
2022-11-13 00:00:00-05:00,62,13,39,2,0,4,1,0,2,0,0,0,0.0,5,2,2,6,7
2022-11-14 00:00:00-05:00,62,13,39,2,0,4,1,0,2,0,0,0,0.0,5,2,2,6,7
2022-11-15 00:00:00-05:00,62,13,39,2,0,4,1,0,2,0,0,0,0.0,5,2,2,6,7
2022-11-16 00:00:00-05:00,61,12,38,2,0,4,1,0,2,0,0,0,0.0,5,2,2,6,7
2022-11-17 00:00:00-05:00,61,12,38,2,0,4,1,0,2,0,0,0,0.0,5,2,2,6,7
2022-11-18 00:00:00-05:00,61,12,38,2,0,4,1,0,2,0,0,0,0.0,5,2,2,6,7
2022-11-19 00:00:00-05:00,61,12,38,2,0,4,1,0,2,0,0,0,0.0,5,2,2,6,7
2022-11-20 00:00:00-05:00,61,12,38,2,0,4,1,0,2,0,0,0,0.0,5,2,2,6,7
2022-11-21 00:00:00-05:00,61,12,38,2,0,4,1,0,2,0,0,0,0.0,5,2,2,6,7
2022-11-22 00:00:00-05:00,61,12,38,2,0,4,1,0,2,0,0,0,0.0,5,2,2,6,7
2022-11-23 00:00:00-05:00,61,12,38,2,0,4,1,0,2,0,0,0,0.0,5,2,2,6,7
2022-11-24 00:00:00-05:00,61,12,38,2,0,4,1,0,2,0,0,0,0.0,5,2,2,6,7
2022-11-25 00:00:00-05:00,61,12,38,2,0,4,1,0,2,0,0,0,0.0,5,2,2,6,7
2022-11-26 00:00:00-05:00,61,12,38,2,0,4,1,0,2,0,0,0,0.0,5,2,2,6,7
2022-11-27 00:00:00-05:00,62,12,39,2,0,4,1,0,2,0,0,0,0.0,5,2,2,7,8
2022-11-28 00:00:00-05:00,62,12,39,2,0,4,1,0,2,0,0,0,0.0,5,2,2,7,8
2022-11-29 00:00:00-05:00,62,12,39,2,0,4,1,0,2,0,0,0,0.0,5,2,2,7,8
2022-11-30 00:00:00-05:00,62,12,39,2,0,4,1,0,2,0,0,0,0.0,5,2,2,7,8
2022-12-01 00:00:00-05:00,63,12,40,2,0,4,1,0,2,0,0,0,0.0,5,2,2,8,9
2022-12-02 00:00:00-05:00,63,12,40,2,0,4,1,0,2,0,0,0,0.0,5,2,2,8,9
2022-12-03 00:00:00-05:00,63,12,40,2,0,4,1,0,2,0,0,0,0.0,5,2,2,8,9
2022-12-04 00:00:00-05:00,64,12,42,2,0,4,1,0,2,0,0,0,0.0,5,2,2,8,11
2022-12-05 00:00:00-05:00,62,12,41,2,0,4,1,0,2,0,0,0,0.0,5,2,2,8,10
2022-12-06 00:00:00-05:00,62,12,41,2,0,4,1,0,2,0,0,0,0.0,5,2,2,8,10
2022-12-07 00:00:00-05:00,62,12,41,2,0,4,1,0,2,0,0,0,0.0,5,2,2,8,10
2022-12-08 00:00:00-05:00,63,12,42,2,0,4,1,0,2,0,0,0,0.0,5,2,2,8,10
2022-12-09 00:00:00-05:00,63,12,42,2,0,4,1,0,2,0,0,0,0.0,5,2,2,8,10
2022-12-10 00:00:00-05:00,63,12,42,2,0,4,1,0,2,0,0,0,0.0,5,2,2,8,10
2022-12-11 00:00:00-05:00,63,12,42,2,0,4,1,0,2,0,0,0,0.0,5,2,2,8,10
2022-12-12 00:00:00-05:00,62,12,41,2,0,4,1,0,2,0,0,0,0.0,5,2,2,8,10
2022-12-13 00:00:00-05:00,62,12,41,2,0,4,1,0,2,0,0,0,0.0,5,2,2,8,10
2022-12-14 00:00:00-05:00,62,12,41,2,0,4,1,0,2,0,0,0,0.0,5,2,2,8,10
2022-12-15 00:00:00-05:00,62,12,41,2,0,4,1,0,2,0,0,0,0.0,5,2,2,8,10
2022-12-16 00:00:00-05:00,62,12,41,2,0,4,1,0,2,0,0,0,0.0,5,2,2,8,10
2022-12-17 00:00:00-05:00,62,12,41,2,0,4,1,0,2,0,0,0,0.0,5,2,2,8,10
2022-12-18 00:00:00-05:00,62,12,41,2,0,4,1,0,2,0,0,0,0.0,5,2,2,8,10
2022-12-19 00:00:00-05:00,62,12,41,2,0,4,1,0,2,0,0,0,0.0,5,2,2,8,10
2022-12-20 00:00:00-05:00,62,12,41,2,0,4,1,0,2,0,0,0,0.0,5,2,2,8,10
2022-12-21 00:00:00-05:00,62,12,41,2,0,4,1,0,2,0,0,0,0.0,5,2,2,8,10
2022-12-22 00:00:00-05:00,63,13,42,2,0,4,1,0,2,0,0,0,0.0,5,2,2,8,10
2022-12-23 00:00:00-05:00,63,13,42,2,0,4,1,0,2,0,0,0,0.0,5,2,2,8,10
2022-12-24 00:00:00-05:00,63,13,42,2,0,4,1,0,2,0,0,0,0.0,5,2,2,8,10
2022-12-25 00:00:00-05:00,63,13,42,2,0,4,1,0,2,0,0,0,0.0,5,2,2,8,10
2022-12-26 00:00:00-05:00,63,13,42,2,0,4,1,0,2,0,0,0,0.0,5,2,2,8,10
2022-12-27 00:00:00-05:00,63,13,42,2,0,4,1,0,2,0,0,0,0.0,5,2,2,8,10
2022-12-28 00:00:00-05:00,63,13,42,2,0,4,1,0,2,0,0,0,0.0,5,2,2,8,10
2022-12-29 00:00:00-05:00,64,13,43,2,0,4,1,0,2,0,0,0,0.0,5,2,2,8,10
2022-12-30 00:00:00-05:00,64,13,43,2,0,4,1,0,2,0,0,0,0.0,5,2,2,8,10
2022-12-31 00:00:00-05:00,64,13,43,2,0,4,1,0,2,0,0,0,0.0,5,2,2,8,10
2023-01-01 00:00:00-05:00,64,13,43,2,0,4,1,0,2,0,0,0,0.0,5,2,2,8,10
2023-01-02 00:00:00-05:00,64,13,43,2,0,4,1,0,2,0,0,0,0.0,5,2,2,8,10
2023-01-03 00:00:00-05:00,64,13,43,2,0,4,1,0,2,0,0,0,0.0,5,2,2,8,10
2023-01-04 00:00:00-05:00,64,13,43,2,0,4,1,0,2,0,0,0,0.0,5,2,2,8,10
2023-01-05 00:00:00-05:00,64,13,43,2,0,4,1,0,2,0,0,0,0.0,5,2,2,8,10
2023-01-06 00:00:00-05:00,65,13,44,2,0,4,1,0,2,0,0,0,0.0,5,2,2,8,10
2023-01-07 00:00:00-05:00,65,13,44,2,0,4,1,0,2,0,0,0,0.0,5,2,2,8,10
2023-01-08 00:00:00-05:00,75,15,50,2,0,6,1,0,2,0,0,0,0.0,5,2,2,9,12
2023-01-09 00:00:00-05:00,73,15,48,2,0,6,1,0,2,0,0,0,0.0,5,2,2,9,12
2023-01-10 00:00:00-05:00,73,15,48,2,0,6,1,0,2,0,0,0,0.0,5,2,2,9,12
2023-01-11 00:00:00-05:00,73,15,48,2,0,6,1,0,2,0,0,0,0.0,5,2,2,9,12
2023-01-12 00:00:00-05:00,74,15,48,2,0,6,1,0,2,0,0,0,0.0,6,2,2,9,12
2023-01-13 00:00:00-05:00,74,15,48,2,0,6,1,0,2,0,0,0,0.0,6,2,2,9,12
2023-01-14 00:00:00-05:00,74,15,48,2,0,6,1,0,2,0,0,0,0.0,6,2,2,9,12
2023-01-15 00:00:00-05:00,78,16,51,2,1,6,1,0,2,0,0,0,0.0,6,2,3,9,13
2023-01-16 00:00:00-05:00,77,16,51,2,0,6,1,0,2,0,0,0,0.0,6,2,3,9,12
2023-01-17 00:00:00-05:00,77,16,51,2,0,6,1,0,2,0,0,0,0.0,6,2,3,9,12
2023-01-18 00:00:00-05:00,77,16,51,2,0,6,1,0,2,0,0,0,0.0,6,2,3,9,12
2023-01-19 00:00:00-05:00,76,16,50,2,0,6,1,0,2,0,0,0,0.0,6,2,3,8,11
2023-01-20 00:00:00-05:00,76,16,50,2,0,6,1,0,2,0,0,0,0.0,6,2,3,8,11
2023-01-21 00:00:00-05:00,76,16,50,2,0,6,1,0,2,0,0,0,0.0,6,2,3,8,11
2023-01-22 00:00:00-05:00,76,15,49,2,0,6,1,0,2,0,0,0,0.0,6,2,3,8,11
2023-01-23 00:00:00-05:00,75,15,49,2,0,6,1,0,2,0,0,0,0.0,6,2,3,8,11
2023-01-24 00:00:00-05:00,75,15,49,2,0,6,1,0,2,0,0,0,0.0,6,2,3,8,11
2023-01-25 00:00:00-05:00,75,15,49,2,0,6,1,0,2,0,0,0,0.0,6,2,3,8,11
2023-01-26 00:00:00-05:00,75,15,49,2,0,6,1,0,2,0,0,0,0.0,6,2,3,8,11
2023-01-27 00:00:00-05:00,76,15,50,2,0,6,1,0,2,0,0,0,0.0,6,2,3,9,12
2023-01-28 00:00:00-05:00,78,15,50,2,0,7,1,0,2,0,0,0,0.0,6,2,3,9,11
2023-01-29 00:00:00-05:00,79,15,50,2,0,7,1,0,2,0,1,0,0.0,6,2,3,9,11
2023-01-30 00:00:00-05:00,77,15,50,2,0,7,1,0,2,0,1,0,0.0,6,2,3,9,11
2023-01-31 00:00:00-05:00,77,15,50,2,0,7,1,0,2,0,1,0,0.0,6,2,3,9,11
2023-02-01 00:00:00-05:00,77,15,50,2,0,7,1,0,2,0,1,0,0.0,6,2,3,9,11
2023-02-02 00:00:00-05:00,77,15,50,2,0,7,1,0,2,0,1,0,0.0,6,2,3,9,11
2023-02-03 00:00:00-05:00,77,15,50,2,0,7,1,0,2,0,1,0,0.0,6,2,3,9,11
2023-02-04 00:00:00-05:00,80,15,50,2,0,7,1,0,3,1,1,0,0.0,6,2,3,9,11
2023-02-05 00:00:00-05:00,80,15,50,2,0,7,1,0,3,1,1,0,0.0,6,2,3,9,11
2023-02-06 00:00:00-05:00,79,15,50,2,0,6,1,0,3,1,1,0,0.0,6,2,3,9,11
2023-02-07 00:00:00-05:00,79,15,50,2,0,6,1,0,3,1,1,0,0.0,6,2,3,9,11
2023-02-08 00:00:00-05:00,79,15,50,2,0,6,1,0,3,1,1,0,0.0,6,2,3,9,11
2023-02-09 00:00:00-05:00,79,15,50,2,0,6,1,0,3,1,1,0,0.0,6,2,3,9,11
2023-02-10 00:00:00-05:00,79,15,50,2,0,6,1,0,3,1,1,0,0.0,6,2,3,9,11
2023-02-11 00:00:00-05:00,82,15,52,2,1,6,1,0,3,1,1,0,0.0,6,2,3,10,12
2023-02-12 00:00:00-05:00,83,15,52,2,2,6,1,0,3,1,1,0,0.0,6,2,3,10,12
2023-02-13 00:00:00-05:00,81,15,51,2,1,6,1,0,3,1,1,0,0.0,6,2,3,10,12
2023-02-14 00:00:00-05:00,81,15,51,2,1,6,1,0,3,1,1,0,0.0,6,2,3,10,12
2023-02-15 00:00:00-05:00,81,15,51,2,1,6,1,0,3,1,1,0,0.0,6,2,3,10,12
2023-02-16 00:00:00-05:00,81,15,51,2,1,6,1,0,3,1,1,0,0.0,6,2,3,10,12
2023-02-17 00:00:00-05:00,81,15,51,2,1,6,1,0,3,1,1,0,0.0,6,2,3,10,12
2023-02-18 00:00:00-05:00,87,16,54,2,1,7,1,0,3,1,1,0,0.0,6,2,3,10,12
2023-02-19 00:00:00-05:00,89,17,55,2,1,7,1,0,3,1,1,0,0.0,6,3,3,10,12
2023-02-20 00:00:00-05:00,88,16,54,2,1,7,1,0,3,1,1,0,0.0,6,3,3,10,12
2023-02-21 00:00:00-05:00,89,16,54,2,1,7,1,0,3,1,1,0,0.0,6,3,3,10,12
2023-02-22 00:00:00-05:00,88,17,55,2,1,7,1,0,3,1,1,0,0.0,6,3,3,10,12
2023-02-23 00:00:00-05:00,88,17,55,2,1,7,1,0,3,1,1,0,0.0,6,3,3,10,12
2023-02-24 00:00:00-05:00,88,17,55,2,1,7,1,0,3,1,1,0,0.0,6,3,3,10,12
2023-02-25 00:00:00-05:00,90,18,56,2,1,8,1,0,3,1,1,0,0.0,6,3,3,10,12
2023-02-26 00:00:00-05:00,89,19,55,2,1,8,1,0,3,1,1,0,0.0,6,3,3,10,12
2023-02-27 00:00:00-05:00,87,18,53,2,1,8,1,0,3,1,1,0,0.0,6,3,3,10,12
2023-02-28 00:00:00-05:00,87,18,52,2,1,8,1,0,3,1,1,0,0.0,6,3,3,9,11
2023-03-01 00:00:00-05:00,87,18,52,2,1,8,1,0,3,1,1,0,0.0,6,3,3,9,11
2023-03-02 00:00:00-05:00,87,18,52,2,1,8,1,0,3,1,1,0,0.0,6,3,3,9,11
2023-03-03 00:00:00-05:00,87,18,52,2,1,8,1,0,3,1,1,0,0.0,6,3,3,9,11
2023-03-04 00:00:00-05:00,93,19,56,2,1,8,1,0,3,1,2,0,0.0,6,3,4,9,12
2023-03-05 00:00:00-05:00,93,19,56,2,1,8,1,0,3,1,2,0,0.0,6,3,4,9,12
2023-03-06 00:00:00-05:00,93,19,56,2,1,8,1,0,3,1,2,0,0.0,6,3,4,9,12
2023-03-07 00:00:00-05:00,93,19,56,2,1,8,1,0,3,1,2,0,0.0,6,3,4,9,12
2023-03-08 00:00:00-05:00,93,19,56,2,1,8,1,0,3,1,2,0,0.0,6,3,4,9,12
2023-03-09 00:00:00-05:00,93,19,56,2,1,8,1,0,3,1,2,0,0.0,6,3,4,9,12
2023-03-10 00:00:00-05:00,93,19,56,2,1,8,1,0,3,1,2,0,0.0,6,3,4,9,12
2023-03-11 00:00:00-05:00,96,19,57,2,1,8,1,0,3,1,2,0,0.0,6,3,5,10,14
2023-03-12 00:00:00-05:00,95,20,56,2,1,8,1,0,3,1,2,0,0.0,6,3,5,8,12
2023-03-13 00:00:00-04:00,93,19,54,2,1,8,1,0,3,1,2,0,0.0,6,3,5,8,12
2023-03-14 00:00:00-04:00,94,20,55,2,1,8,1,0,3,1,2,0,0.0,6,3,5,8,12
2023-03-15 00:00:00-04:00,93,19,54,2,1,8,1,0,3,1,2,0,0.0,6,3,5,8,12
2023-03-16 00:00:00-04:00,93,19,54,2,1,8,1,0,3,1,2,0,0.0,6,3,5,8,12
2023-03-17 00:00:00-04:00,95,19,55,2,1,8,1,0,3,1,2,0,0.0,6,3,5,9,13
2023-03-18 00:00:00-04:00,96,19,57,2,1,8,1,0,3,1,2,0,0.0,6,3,6,9,14
2023-03-19 00:00:00-04:00,94,19,55,2,1,8,1,0,3,1,2,0,0.0,6,3,7,7,12
2023-03-20 00:00:00-04:00,93,20,55,2,1,8,1,0,3,1,2,0,0.0,6,3,6,7,11
2023-03-21 00:00:00-04:00,93,20,55,2,1,8,1,0,3,1,2,0,0.0,6,3,6,7,11
2023-03-22 00:00:00-04:00,93,20,55,2,1,8,1,0,3,1,2,0,0.0,6,3,6,7,11
2023-03-23 00:00:00-04:00,92,19,54,2,1,8,1,0,3,1,2,0,0.0,6,3,6,7,11
2023-03-24 00:00:00-04:00,92,19,54,2,1,8,1,0,3,1,2,0,0.0,6,3,6,7,11
2023-03-25 00:00:00-04:00,95,19,55,2,1,10,1,0,3,1,2,0,0.0,6,3,6,8,12
2023-03-26 00:00:00-04:00,97,19,56,2,1,10,1,0,3,1,2,0,0.0,6,3,6,9,13
2023-03-27 00:00:00-04:00,95,18,54,2,1,10,1,0,3,1,2,0,0.0,6,3,5,9,13
2023-03-28 00:00:00-04:00,95,18,54,2,1,10,1,0,3,1,2,0,0.0,6,3,5,9,13
2023-03-29 00:00:00-04:00,95,18,54,2,1,10,1,0,3,1,2,0,0.0,6,3,5,9,13
2023-03-30 00:00:00-04:00,95,18,54,2,1,10,1,0,3,1,2,0,0.0,6,3,5,9,13
2023-03-31 00:00:00-04:00,95,18,54,2,1,10,1,0,3,1,2,0,0.0,6,3,5,9,13
2023-04-01 00:00:00-04:00,98,19,56,2,1,10,1,0,3,1,2,0,0.0,6,3,5,9,15
2023-04-02 00:00:00-04:00,97,19,56,2,1,9,1,0,3,1,2,0,0.0,6,3,5,9,15
2023-04-03 00:00:00-04:00,91,18,53,2,1,9,1,0,2,0,2,0,0.0,6,3,5,8,13
2023-04-04 00:00:00-04:00,91,18,53,2,1,9,1,0,2,0,2,0,0.0,6,3,5,8,13
2023-04-05 00:00:00-04:00,91,18,53,2,1,9,1,0,2,0,2,0,0.0,6,3,5,8,13
2023-04-06 00:00:00-04:00,91,18,53,2,1,9,1,0,2,0,2,0,0.0,6,3,5,8,13
2023-04-07 00:00:00-04:00,91,18,53,2,1,9,1,0,2,0,2,0,0.0,6,3,5,8,13
2023-04-08 00:00:00-04:00,94,19,56,2,1,9,1,0,2,0,2,0,0.0,6,3,5,8,14
2023-04-09 00:00:00-04:00,93,19,56,2,1,9,1,0,2,0,2,0,0.0,6,3,5,8,13
2023-04-10 00:00:00-04:00,93,19,56,2,1,9,1,0,2,0,2,0,0.0,6,3,5,8,13
2023-04-11 00:00:00-04:00,94,20,57,2,1,9,1,0,2,0,2,0,0.0,6,3,5,8,13
2023-04-12 00:00:00-04:00,94,20,57,2,1,9,1,0,2,0,2,0,0.0,6,3,5,8,13
2023-04-13 00:00:00-04:00,94,20,57,2,1,9,1,0,2,0,2,0,0.0,6,3,5,8,13
2023-04-14 00:00:00-04:00,94,20,57,2,1,9,1,0,2,0,2,0,0.0,6,3,5,8,13
2023-04-15 00:00:00-04:00,96,20,59,2,1,9,1,0,2,0,2,0,0.0,6,3,5,8,13
2023-04-16 00:00:00-04:00,96,20,60,2,1,9,1,0,2,0,2,0,0.0,6,3,5,9,14
2023-04-17 00:00:00-04:00,94,19,59,2,1,8,1,0,2,0,2,0,0.0,6,3,5,9,14
2023-04-18 00:00:00-04:00,94,19,59,2,1,8,1,0,2,0,2,0,0.0,6,3,5,9,14
2023-04-19 00:00:00-04:00,93,19,59,2,1,8,1,0,2,0,2,0,0.0,6,3,5,9,14
2023-04-20 00:00:00-04:00,93,19,59,2,1,8,1,0,2,0,2,0,0.0,6,3,5,9,14
2023-04-21 00:00:00-04:00,93,19,59,2,1,8,1,0,2,0,2,0,0.0,6,3,5,9,14
2023-04-22 00:00:00-04:00,92,19,58,2,1,8,1,0,2,0,2,0,0.0,6,3,5,9,14
2023-04-23 00:00:00-04:00,91,19,57,2,1,8,1,0,2,0,2,0,0.0,6,3,5,9,14
2023-04-24 00:00:00-04:00,89,19,56,2,0,8,1,0,2,0,2,0,0.0,6,3,5,9,14
2023-04-25 00:00:00-04:00,89,19,56,2,0,8,1,0,2,0,2,0,0.0,6,3,5,9,14
2023-04-26 00:00:00-04:00,89,19,56,2,0,8,1,0,2,0,2,0,0.0,6,3,5,9,14
2023-04-27 00:00:00-04:00,89,19,56,2,0,8,1,0,2,0,2,0,0.0,6,3,5,9,14
2023-04-28 00:00:00-04:00,89,19,56,2,0,8,1,0,2,0,2,0,0.0,6,3,5,9,14
2023-04-29 00:00:00-04:00,90,19,56,2,0,8,1,0,2,0,2,0,0.0,6,3,6,9,14
2023-04-30 00:00:00-04:00,91,19,57,2,0,8,1,0,2,0,2,0,0.0,6,3,6,9,14
2023-05-01 00:00:00-04:00,86,19,52,2,0,8,1,0,2,0,2,0,0.0,6,3,5,8,11
2023-05-02 00:00:00-04:00,87,20,53,2,0,8,1,0,2,0,2,0,0.0,6,3,5,8,11
2023-05-03 00:00:00-04:00,86,19,52,2,0,8,1,0,2,0,2,0,0.0,6,3,5,8,11
2023-05-04 00:00:00-04:00,86,19,52,2,0,8,1,0,2,0,2,0,0.0,6,3,5,8,11
2023-05-05 00:00:00-04:00,93,21,57,2,0,8,1,0,2,0,2,0,0.0,7,3,6,8,11
2023-05-06 00:00:00-04:00,93,22,56,2,0,8,1,0,2,0,2,1,0.0,7,3,5,8,11
2023-05-07 00:00:00-04:00,92,21,55,2,0,7,1,0,2,0,3,1,0.0,7,3,5,8,11
2023-05-08 00:00:00-04:00,91,21,55,2,0,7,1,0,2,0,3,0,0.0,7,3,5,8,11
2023-05-09 00:00:00-04:00,91,21,55,2,0,7,1,0,2,0,3,0,0.0,7,3,5,8,11
2023-05-10 00:00:00-04:00,91,21,55,2,0,7,1,0,2,0,3,0,0.0,7,3,5,8,11
2023-05-11 00:00:00-04:00,91,21,55,2,0,7,1,0,2,0,3,0,0.0,7,3,5,8,11
2023-05-12 00:00:00-04:00,91,21,55,2,0,7,1,0,2,0,3,0,0.0,7,3,5,8,11
2023-05-13 00:00:00-04:00,96,23,58,2,0,7,1,0,2,0,3,0,0.0,7,3,5,8,12
2023-05-14 00:00:00-04:00,97,22,59,2,0,7,1,0,2,0,2,0,0.0,8,3,5,8,12
2023-05-15 00:00:00-04:00,96,22,58,2,0,7,1,0,2,0,2,0,0.0,8,3,5,8,12
2023-05-16 00:00:00-04:00,96,22,58,2,0,7,1,0,2,0,2,0,0.0,8,3,5,8,12
2023-05-17 00:00:00-04:00,96,22,58,2,0,7,1,0,2,0,2,0,0.0,8,3,5,8,12
2023-05-18 00:00:00-04:00,96,22,58,2,0,7,1,0,2,0,2,0,0.0,8,3,5,8,12
2023-05-19 00:00:00-04:00,97,22,58,2,0,7,1,0,2,0,2,0,0.0,9,3,5,8,12
2023-05-20 00:00:00-04:00,100,22,60,2,0,7,1,0,2,0,2,0,0.0,9,3,5,8,12
2023-05-21 00:00:00-04:00,101,22,60,2,0,8,1,0,2,0,2,0,0.0,9,3,5,8,12
2023-05-22 00:00:00-04:00,98,22,59,2,0,7,1,0,2,0,2,0,0.0,9,3,4,8,12
2023-05-23 00:00:00-04:00,98,22,59,2,0,7,1,0,2,0,2,0,0.0,9,3,4,8,12
2023-05-24 00:00:00-04:00,98,22,59,2,0,7,1,0,2,0,2,0,0.0,9,3,4,8,12
2023-05-25 00:00:00-04:00,98,22,59,2,0,7,1,0,2,0,2,0,0.0,9,3,4,8,12
2023-05-26 00:00:00-04:00,98,22,59,2,0,7,1,0,2,0,2,0,0.0,9,3,4,8,12
2023-05-27 00:00:00-04:00,100,23,61,2,0,7,1,0,2,0,2,0,0.0,9,3,4,8,12
2023-05-28 00:00:00-04:00,99,23,61,2,0,7,1,0,1,0,2,0,0.0,9,3,4,8,12
2023-05-29 00:00:00-04:00,95,23,59,2,0,7,1,0,1,0,2,0,0.0,9,3,4,8,11
2023-05-30 00:00:00-04:00,95,23,59,2,0,7,1,0,1,0,2,0,0.0,9,3,4,8,11
2023-05-31 00:00:00-04:00,95,23,59,2,0,7,1,0,1,0,2,0,0.0,9,3,4,8,11
2023-06-01 00:00:00-04:00,95,23,59,2,0,7,1,0,1,0,2,0,0.0,9,3,4,8,11
2023-06-02 00:00:00-04:00,96,23,58,2,0,8,1,0,1,0,2,0,0.0,9,3,4,7,11
2023-06-03 00:00:00-04:00,95,23,58,2,0,8,1,0,1,0,2,0,0.0,9,3,5,7,11
2023-06-04 00:00:00-04:00,94,23,57,2,0,8,1,0,1,0,2,0,0.0,9,3,5,7,11
2023-06-05 00:00:00-04:00,92,23,56,2,0,7,1,0,1,0,2,0,0.0,9,3,4,7,11
2023-06-06 00:00:00-04:00,92,23,56,2,0,7,1,0,1,0,2,0,0.0,9,3,4,7,11
2023-06-07 00:00:00-04:00,92,23,56,2,0,7,1,0,1,0,2,0,0.0,9,3,4,7,11
2023-06-08 00:00:00-04:00,92,23,56,2,0,7,1,0,1,0,2,0,0.0,9,3,4,7,11
2023-06-09 00:00:00-04:00,91,22,55,2,0,7,1,0,1,0,2,0,0.0,9,3,4,7,11
2023-06-10 00:00:00-04:00,91,23,56,2,0,7,1,0,1,0,2,0,0.0,8,3,4,7,11
2023-06-11 00:00:00-04:00,92,22,56,2,0,8,1,0,1,0,2,0,0.0,8,3,5,7,11
2023-06-12 00:00:00-04:00,88,21,54,2,0,6,1,0,1,0,2,0,0.0,8,3,4,7,11
2023-06-13 00:00:00-04:00,88,21,54,2,0,6,1,0,1,0,2,0,0.0,8,3,4,7,11
2023-06-14 00:00:00-04:00,88,21,54,2,0,6,1,0,1,0,2,0,0.0,8,3,4,7,11
2023-06-15 00:00:00-04:00,88,21,54,2,0,6,1,0,1,0,2,0,0.0,8,3,4,7,11
2023-06-16 00:00:00-04:00,89,21,55,2,0,6,1,0,1,0,2,0,0.0,8,3,4,8,12
2023-06-17 00:00:00-04:00,92,21,56,3,0,8,1,0,1,0,2,0,0.0,8,3,4,9,13
2023-06-18 00:00:00-04:00,91,21,55,3,0,8,1,0,1,0,2,0,0.0,8,3,4,9,13
2023-06-19 00:00:00-04:00,88,21,54,2,0,6,1,0,1,0,2,0,0.0,8,3,3,9,13
2023-06-20 00:00:00-04:00,88,21,54,2,0,6,1,0,1,0,2,0,0.0,8,3,3,9,13
2023-06-21 00:00:00-04:00,87,20,53,2,0,6,1,0,1,0,2,0,0.0,8,3,3,9,13
2023-06-22 00:00:00-04:00,87,20,53,2,0,6,1,0,1,0,2,0,0.0,8,3,3,9,13
2023-06-23 00:00:00-04:00,87,20,52,2,0,6,1,0,1,0,2,0,0.0,8,3,3,9,13
2023-06-24 00:00:00-04:00,85,20,51,2,0,6,1,0,1,0,2,0,0.0,7,3,3,8,12
2023-06-25 00:00:00-04:00,84,20,50,2,0,6,1,0,1,0,2,0,0.0,7,3,3,7,11
2023-06-26 00:00:00-04:00,83,19,49,2,0,6,1,0,1,0,2,0,0.0,7,3,3,7,11
2023-06-27 00:00:00-04:00,83,19,49,2,0,6,1,0,1,0,2,0,0.0,7,3,3,7,11
2023-06-28 00:00:00-04:00,83,19,49,2,0,6,1,0,1,0,2,0,0.0,7,3,3,7,11
2023-06-29 00:00:00-04:00,83,19,49,2,0,6,1,0,1,0,2,0,0.0,7,3,3,7,11
2023-06-30 00:00:00-04:00,82,18,48,2,0,6,1,0,1,0,2,0,0.0,7,3,3,7,11
2023-07-01 00:00:00-04:00,81,18,47,2,0,6,1,0,1,0,2,0,0.0,7,3,3,6,11
2023-07-02 00:00:00-04:00,81,17,47,2,0,6,1,0,1,0,2,0,0.0,7,3,3,6,11
2023-07-03 00:00:00-04:00,77,17,44,2,0,6,1,0,1,0,2,0,0.0,7,2,3,5,10
2023-07-04 00:00:00-04:00,77,17,44,2,0,6,1,0,1,0,2,0,0.0,7,2,3,5,10
2023-07-05 00:00:00-04:00,77,17,44,2,0,6,1,0,1,0,2,0,0.0,7,2,3,5,10
2023-07-06 00:00:00-04:00,75,16,43,2,0,6,1,0,1,0,2,0,0.0,6,2,3,5,10
2023-07-07 00:00:00-04:00,76,16,43,2,0,6,1,0,1,0,2,0,0.0,7,2,3,5,10
2023-07-08 00:00:00-04:00,75,16,43,2,0,6,1,0,1,0,2,0,0.0,6,2,3,5,11
2023-07-09 00:00:00-04:00,73,16,43,2,0,6,1,0,1,0,2,0,0.0,5,2,3,5,11
2023-07-10 00:00:00-04:00,68,16,40,2,0,5,1,0,1,0,2,0,0.0,5,2,3,5,10
2023-07-11 00:00:00-04:00,68,16,40,2,0,5,1,0,1,0,2,0,0.0,5,2,3,5,10
2023-07-12 00:00:00-04:00,68,16,40,2,0,5,1,0,1,0,2,0,0.0,5,2,3,5,10
2023-07-13 00:00:00-04:00,68,16,40,2,0,5,1,0,1,0,2,0,0.0,5,2,3,5,10
2023-07-14 00:00:00-04:00,69,16,41,2,0,5,1,0,1,0,2,0,0.0,5,2,3,6,11
2023-07-15 00:00:00-04:00,67,14,39,2,0,5,1,0,1,0,2,0,0.0,5,2,3,6,11
2023-07-16 00:00:00-04:00,63,12,37,2,0,4,1,0,1,0,2,0,0.0,4,2,3,6,10
2023-07-17 00:00:00-04:00,57,11,34,2,0,3,1,0,1,0,2,0,0.0,4,2,3,6,10
2023-07-18 00:00:00-04:00,57,11,34,2,0,3,1,0,1,0,2,0,0.0,4,2,3,6,10
2023-07-19 00:00:00-04:00,57,11,34,2,0,3,1,0,1,0,2,0,0.0,4,2,3,6,10
2023-07-20 00:00:00-04:00,58,12,35,2,0,3,1,0,1,0,2,0,0.0,4,2,3,6,10
2023-07-21 00:00:00-04:00,59,12,35,2,0,3,1,0,1,0,2,0,0.0,4,2,3,6,10
2023-07-22 00:00:00-04:00,62,12,36,2,0,4,1,0,1,0,2,0,0.0,4,2,4,6,10
2023-07-23 00:00:00-04:00,59,12,36,2,0,4,1,0,0,0,2,0,0.0,2,2,3,7,11
2023-07-24 00:00:00-04:00,53,11,32,2,0,4,1,0,0,0,2,0,0.0,2,2,2,6,8
2023-07-25 00:00:00-04:00,55,12,34,2,0,4,1,0,0,0,2,0,0.0,3,2,2,7,9
2023-07-26 00:00:00-04:00,55,12,34,2,0,4,1,0,0,0,2,0,0.0,3,2,2,7,9
2023-07-27 00:00:00-04:00,56,13,35,2,0,4,1,0,0,0,2,0,0.0,3,2,2,7,9
2023-07-28 00:00:00-04:00,56,13,35,2,0,4,1,0,0,0,2,0,0.0,3,2,2,7,9
2023-07-29 00:00:00-04:00,51,12,32,2,0,3,1,0,0,0,2,0,0.0,2,2,2,6,9
2023-07-30 00:00:00-04:00,36,8,21,1,0,2,1,0,0,0,2,0,0.0,1,1,1,3,4
